"sub","session","n","modality","prt","dprime","accuracy","sex","group"
"sub-01",1,1,"audio",1.18397,4.04027075969534,90.2333333333333,"Female","Control"
"sub-01",1,2,"audio",1.16635333333333,3.47567411175987,82.25,"Female","Control"
"sub-01",2,1,"audio",1.08100333333333,4.13792000638037,88.25,"Female","Control"
"sub-01",2,2,"audio",1.20208,3.40959679972958,81.25,"Female","Control"
"sub-01",3,1,"audio",1.14746333333333,3.20237411289628,86.2333333333333,"Female","Control"
"sub-01",3,2,"audio",1.19762,3.53520280266817,86.2416666666667,"Female","Control"
"sub-01",4,1,"audio",1.23013666666667,2.70399043465984,85.2166666666667,"Female","Control"
"sub-01",4,2,"audio",1.22474,3.20237411289628,86.2333333333333,"Female","Control"
"sub-02",1,1,"audio",1.08601333333333,3.8437894080113,88.2416666666667,"Male","Control"
"sub-02",1,2,"audio",1.59889666666667,2.21614454123314,85.1833333333333,"Male","Control"
"sub-02",2,1,"audio",1.02808,4.13792000638037,88.25,"Male","Control"
"sub-02",2,2,"audio",1.02998333333333,3.51096071823941,88.2333333333333,"Male","Control"
"sub-02",3,1,"audio",1.02826,3.20237411289628,86.2333333333333,"Male","Control"
"sub-02",3,2,"audio",1.42806,2.73778806307703,88.1916666666667,"Male","Control"
"sub-02",4,1,"audio",0.935276666666667,3.72126405220803,85.25,"Male","Control"
"sub-02",4,2,"audio",1.22476333333333,3.51096071823941,88.2333333333333,"Male","Control"
"sub-04",1,1,"audio",1.02981666666667,3.42713345383897,85.2416666666667,"Female","Control"
"sub-04",1,2,"audio",1.22064333333333,1.89186287303491,79.1916666666667,"Female","Control"
"sub-04",2,1,"audio",0.9969,3.8437894080113,88.2416666666667,"Female","Control"
"sub-04",2,2,"audio",1.18795666666667,3.12064638883217,88.2166666666667,"Female","Control"
"sub-04",3,1,"audio",0.856446666666667,4.41459318549596,89.25,"Female","Control"
"sub-04",3,2,"audio",1.33580333333333,2.1892501111478,82.2,"Female","Control"
"sub-04",4,1,"audio",0.680943333333333,4.6672300478363,90.25,"Female","Control"
"sub-04",4,2,"audio",0.952386666666667,3.33500058185994,87.2333333333333,"Female","Control"
"sub-05",1,1,"audio",1.18020666666667,2.70173063481557,83.225,"Female","Experimental"
"sub-05",1,2,"audio",1.25861,2.22154323327357,78.2166666666667,"Female","Experimental"
"sub-05",2,1,"audio",1.15893666666667,3.6499564302881,90.2166666666667,"Female","Experimental"
"sub-05",2,2,"audio",1.14996,3.00217189208805,84.2333333333333,"Female","Experimental"
"sub-05",3,1,"audio",0.93857,3.53520280266817,86.2416666666667,"Female","Experimental"
"sub-05",3,2,"audio",0.895976666666667,4.1204625871269,89.2416666666667,"Female","Experimental"
"sub-05",4,1,"audio",0.76147,4.41459318549596,89.25,"Female","Experimental"
"sub-05",4,2,"audio",1.18317666666667,3.12064638883217,88.2166666666667,"Female","Experimental"
"sub-06",1,1,"audio",0.989286666666667,3.8437894080113,88.2416666666667,"Male","Experimental"
"sub-06",1,2,"audio",1.47775333333333,2.43484005159597,85.2,"Male","Experimental"
"sub-06",2,1,"audio",0.893023333333333,3.51096071823941,88.2333333333333,"Male","Experimental"
"sub-06",2,2,"audio",0.91135,3.12064638883217,88.2166666666667,"Male","Experimental"
"sub-06",3,1,"audio",0.794033333333333,3.51096071823941,88.2333333333333,"Male","Experimental"
"sub-06",3,2,"audio",0.596806666666667,4.41459318549596,89.25,"Male","Experimental"
"sub-06",4,1,"audio",0.95196,3.6499564302881,90.2166666666667,"Male","Experimental"
"sub-06",4,2,"audio",0.723823333333333,4.13792000638037,88.25,"Male","Experimental"
"sub-07",1,1,"audio",1.25344,2.22899923692567,84.1916666666667,"Male","Experimental"
"sub-07",1,2,"audio",1.54252,1.43128061148201,82.1333333333333,"Male","Experimental"
"sub-07",2,1,"audio",0.906076666666667,3.82933340103724,86.25,"Male","Experimental"
"sub-07",2,2,"audio",1.17182,2.67553586938883,87.2,"Male","Experimental"
"sub-07",3,1,"audio",1.11731,3.66782927163183,87.2416666666667,"Male","Experimental"
"sub-07",3,2,"audio",1.04634333333333,2.87477038356765,85.225,"Male","Experimental"
"sub-07",4,1,"audio",1.18501333333333,2.9446862524527,87.2166666666667,"Male","Experimental"
"sub-07",4,2,"audio",1.25558,2.26464193511137,87.1666666666667,"Male","Experimental"
"sub-08",1,1,"audio",1.06062,4.6672300478363,90.25,"Female","Control"
"sub-08",1,2,"audio",1.05410666666667,3.42713345383897,85.2416666666667,"Female","Control"
"sub-08",2,1,"audio",1.09313,3.78763389735501,89.2333333333333,"Female","Control"
"sub-08",2,2,"audio",1.16631333333333,3.29142633773999,88.225,"Female","Control"
"sub-08",3,1,"audio",0.94137,4.6672300478363,90.25,"Female","Control"
"sub-08",3,2,"audio",1.33848666666667,3.72126405220803,85.25,"Female","Control"
"sub-08",4,1,"audio",0.758286666666667,4.6672300478363,90.25,"Female","Control"
"sub-08",4,2,"audio",1.35235666666667,2.81205978348905,86.2166666666667,"Female","Control"
"sub-10",1,1,"audio",1.56721,2.4292014577339,86.1916666666667,"Female","Control"
"sub-10",1,2,"audio",1.73027,1.74504086155539,80.175,"Female","Control"
"sub-10",2,1,"audio",1.36737333333333,4.41459318549596,89.25,"Female","Control"
"sub-10",2,2,"audio",1.48025666666667,2.67553586938883,87.2,"Female","Control"
"sub-10",3,1,"audio",1.35846333333333,3.78763389735501,89.2333333333333,"Female","Control"
"sub-10",3,2,"audio",1.41851,2.67553586938883,87.2,"Female","Control"
"sub-10",4,1,"audio",1.29492,4.1204625871269,89.2416666666667,"Female","Control"
"sub-10",4,2,"audio",1.24809666666667,3.20237411289628,86.2333333333333,"Female","Control"
"sub-11",1,1,"audio",1.02401666666667,3.29142633773999,88.225,"Female","Experimental"
"sub-11",1,2,"audio",1.34842666666667,1.73369733984687,78.1833333333333,"Female","Experimental"
"sub-11",2,1,"audio",0.992756666666667,4.6672300478363,90.25,"Female","Experimental"
"sub-11",2,2,"audio",1.14088333333333,3.8437894080113,88.2416666666667,"Female","Experimental"
"sub-11",3,1,"audio",0.84648,4.1204625871269,89.2416666666667,"Female","Experimental"
"sub-11",3,2,"audio",0.78187,4.6672300478363,90.25,"Female","Experimental"
"sub-11",4,1,"audio",0.828513333333333,4.6672300478363,90.25,"Female","Experimental"
"sub-11",4,2,"audio",0.686103333333333,4.6672300478363,90.25,"Female","Experimental"
"sub-12",1,1,"audio",1.09637666666667,3.8437894080113,88.2416666666667,"Female","Control"
"sub-12",1,2,"audio",1.50961666666667,2.04310479248106,83.1833333333333,"Female","Control"
"sub-12",2,1,"audio",1.02867,4.41459318549596,89.25,"Female","Control"
"sub-12",2,2,"audio",1.22950666666667,3.42713345383897,85.2416666666667,"Female","Control"
"sub-12",3,1,"audio",1.00300333333333,3.8437894080113,88.2416666666667,"Female","Control"
"sub-12",3,2,"audio",1.38052666666667,2.9446862524527,87.2166666666667,"Female","Control"
"sub-12",4,1,"audio",1.08875,3.9619598700009,87.25,"Female","Control"
"sub-12",4,2,"audio",1.3196,3.12064638883217,88.2166666666667,"Female","Control"
"sub-13",1,1,"audio",1.31274333333333,2.9446862524527,87.2166666666667,"Female","Control"
"sub-13",1,2,"audio",1.52722,2.456840359026,87.1833333333333,"Female","Control"
"sub-13",2,1,"audio",1.27624,2.9446862524527,87.2166666666667,"Female","Control"
"sub-13",2,2,"audio",1.44343333333333,2.73778806307703,88.1916666666667,"Female","Control"
"sub-13",3,1,"audio",0.98103,3.66782927163183,87.2416666666667,"Female","Control"
"sub-13",3,2,"audio",1.40841,3.12064638883217,88.2166666666667,"Female","Control"
"sub-13",4,1,"audio",1.02311,3.66782927163183,87.2416666666667,"Female","Control"
"sub-13",4,2,"audio",1.56763333333333,2.97729633829709,88.2083333333333,"Female","Control"
"sub-14",1,1,"audio",1.06614666666667,4.37309944946723,90.2416666666667,"Female","Experimental"
"sub-14",1,2,"audio",1.46156666666667,2.17776877698349,88.1416666666667,"Female","Experimental"
"sub-14",2,1,"audio",1.03708,3.25396951741268,89.2083333333333,"Female","Experimental"
"sub-14",2,2,"audio",0.95207,4.04027075969534,90.2333333333333,"Female","Experimental"
"sub-14",3,1,"audio",0.808223333333333,4.41459318549596,89.25,"Female","Experimental"
"sub-14",3,2,"audio",0.90349,3.78763389735501,89.2333333333333,"Female","Experimental"
"sub-14",4,1,"audio",0.916426666666667,4.37309944946723,90.2416666666667,"Female","Experimental"
"sub-14",4,2,"audio",1.03747,3.12064638883217,88.2166666666667,"Female","Experimental"
"sub-15",1,1,"audio",1.18843333333333,3.8437894080113,88.2416666666667,"Female","Control"
"sub-15",1,2,"audio",1.50052666666667,2.2489731316463,81.2083333333333,"Female","Control"
"sub-15",2,1,"audio",1.10253666666667,3.66782927163183,87.2416666666667,"Female","Control"
"sub-15",2,2,"audio",1.33525333333333,2.70173063481557,83.225,"Female","Control"
"sub-15",3,1,"audio",0.98015,3.09430476406708,85.2333333333333,"Female","Control"
"sub-15",3,2,"audio",1.37198666666667,1.97055460078497,82.1833333333333,"Female","Control"
"sub-15",4,1,"audio",0.93223,4.6672300478363,90.25,"Female","Control"
"sub-15",4,2,"audio",1.22610333333333,2.78263751158863,81.2333333333333,"Female","Control"
"sub-16",1,1,"audio",1.28192666666667,3.12064638883217,88.2166666666667,"Female","Experimental"
"sub-16",1,2,"audio",1.54084333333333,1.71227886484006,81.1666666666667,"Female","Experimental"
"sub-16",2,1,"audio",1.11091666666667,4.37309944946723,90.2416666666667,"Female","Experimental"
"sub-16",2,2,"audio",1.27529333333333,4.1204625871269,89.2416666666667,"Female","Experimental"
"sub-16",3,1,"audio",1.08973,3.8437894080113,88.2416666666667,"Female","Experimental"
"sub-16",3,2,"audio",1.17519,3.56809951685558,89.225,"Female","Experimental"
"sub-16",4,1,"audio",1.08439333333333,3.56809951685558,89.225,"Female","Experimental"
"sub-16",4,2,"audio",1.00357,3.11546620136051,87.225,"Female","Experimental"
"sub-18",1,1,"audio",0.753116666666667,4.1204625871269,89.2416666666667,"Male","Experimental"
"sub-18",1,2,"audio",1.34619666666667,1.93391364511085,85.1583333333333,"Male","Experimental"
"sub-18",2,1,"audio",0.589226666666667,4.41459318549596,89.25,"Male","Experimental"
"sub-18",2,2,"audio",0.607703333333333,4.41459318549596,89.25,"Male","Experimental"
"sub-18",3,1,"audio",0.787623333333333,4.1204625871269,89.2416666666667,"Male","Experimental"
"sub-18",3,2,"audio",0.696083333333333,3.78763389735501,89.2333333333333,"Male","Experimental"
"sub-18",4,1,"audio",0.82457,4.41459318549596,89.25,"Male","Experimental"
"sub-18",4,2,"audio",0.71333,4.37309944946723,90.2416666666667,"Male","Experimental"
"sub-19",1,1,"audio",1.40251666666667,2.4292014577339,86.1916666666667,"Female","Experimental"
"sub-19",1,2,"audio",1.48636666666667,1.78493990075939,86.1333333333333,"Female","Experimental"
"sub-19",2,1,"audio",0.955566666666667,3.33500058185994,84.2416666666667,"Female","Experimental"
"sub-19",2,2,"audio",1.29208,2.8514960057683,88.2,"Female","Experimental"
"sub-19",3,1,"audio",1.30512,1.76087389635876,83.1583333333333,"Female","Experimental"
"sub-19",3,2,"audio",1.48043,2.26322187533119,88.15,"Female","Experimental"
"sub-19",4,1,"audio",1.10146666666667,3.12064638883217,88.2166666666667,"Female","Experimental"
"sub-19",4,2,"audio",1.33417,2.32421389006235,86.1833333333333,"Female","Experimental"
"sub-20",1,1,"audio",1.22361666666667,2.56182792669756,87.1916666666667,"Male","Control"
"sub-20",1,2,"audio",1.50203666666667,1.58807307405907,83.1416666666667,"Male","Control"
"sub-20",2,1,"audio",1.11628666666667,3.20237411289628,86.2333333333333,"Male","Control"
"sub-20",2,2,"audio",1.57795,1.33652733536384,83.1166666666667,"Male","Control"
"sub-20",3,1,"audio",0.99131,3.8437894080113,88.2416666666667,"Male","Control"
"sub-20",3,2,"audio",1.52087333333333,1.60097598071069,82.15,"Male","Control"
"sub-20",4,1,"audio",1.07044,4.1204625871269,89.2416666666667,"Male","Control"
"sub-20",4,2,"audio",1.64243666666667,1.50108594604402,84.125,"Male","Control"
"sub-21",1,1,"audio",1.24261333333333,4.41459318549596,89.25,"Male","Experimental"
"sub-21",1,2,"audio",1.64098666666667,2.22899923692567,84.1916666666667,"Male","Experimental"
"sub-21",2,1,"audio",1.47634,3.25396951741268,89.2083333333333,"Male","Experimental"
"sub-21",2,2,"audio",1.52768,3.29142633773999,88.225,"Male","Experimental"
"sub-21",3,1,"audio",1.1271,3.78763389735501,89.2333333333333,"Male","Experimental"
"sub-21",3,2,"audio",1.33193,3.25396951741268,89.2083333333333,"Male","Experimental"
"sub-21",4,1,"audio",1.22515666666667,3.51096071823941,88.2333333333333,"Male","Experimental"
"sub-21",4,2,"audio",1.04114,3.51096071823941,88.2333333333333,"Male","Experimental"
"sub-23",1,1,"audio",1.02689,3.53520280266817,86.2416666666667,"Male","Experimental"
"sub-23",1,2,"audio",1.2074,3.00217189208805,84.2333333333333,"Male","Experimental"
"sub-23",2,1,"audio",0.830793333333333,4.6672300478363,90.25,"Male","Experimental"
"sub-23",2,2,"audio",0.96684,4.6672300478363,90.25,"Male","Experimental"
"sub-23",3,1,"audio",0.898313333333333,4.6672300478363,90.25,"Male","Experimental"
"sub-23",3,2,"audio",1.02369,3.78763389735501,89.2333333333333,"Male","Experimental"
"sub-23",4,1,"audio",0.801743333333333,4.37309944946723,90.2416666666667,"Male","Experimental"
"sub-23",4,2,"audio",0.756506666666667,4.37309944946723,90.2416666666667,"Male","Experimental"
"sub-24",1,1,"audio",0.95611,3.66782927163183,87.2416666666667,"Female","Experimental"
"sub-24",1,2,"audio",1.14160666666667,2.5631031310892,81.225,"Female","Experimental"
"sub-24",2,1,"audio",0.988416666666667,4.04027075969534,90.2333333333333,"Female","Experimental"
"sub-24",2,2,"audio",0.863403333333333,3.78763389735501,89.2333333333333,"Female","Experimental"
"sub-24",3,1,"audio",0.805916666666667,4.1204625871269,89.2416666666667,"Female","Experimental"
"sub-24",3,2,"audio",0.78484,4.1204625871269,89.2416666666667,"Female","Experimental"
"sub-24",4,1,"audio",0.971143333333333,3.82933340103724,86.25,"Female","Experimental"
"sub-24",4,2,"audio",0.999033333333333,3.82073637919591,90.225,"Female","Experimental"
"sub-25",1,1,"audio",1.38379666666667,3.56809951685558,89.225,"Male","Control"
"sub-25",1,2,"audio",1.66808333333333,2.21614454123314,85.1833333333333,"Male","Control"
"sub-25",2,1,"audio",1.38152666666667,2.18806191494905,80.2083333333333,"Male","Control"
"sub-25",2,2,"audio",1.71344666666667,2.79253191678711,90.15,"Male","Control"
"sub-25",3,1,"audio",1.14433333333333,4.1204625871269,89.2416666666667,"Male","Control"
"sub-25",3,2,"audio",1.40883,2.73778806307703,88.1916666666667,"Male","Control"
"sub-25",4,1,"audio",1.4824,3.82073637919591,90.225,"Male","Control"
"sub-25",4,2,"audio",1.59384333333333,3.06358532635935,90.175,"Male","Control"
"sub-26",1,1,"audio",1.0548,2.54290940042517,86.2,"Female","Control"
"sub-26",1,2,"audio",0.979313333333333,3.51096071823941,88.2333333333333,"Female","Control"
"sub-26",2,1,"audio",0.956436666666667,2.81205978348905,86.2166666666667,"Female","Control"
"sub-26",2,2,"audio",1.21193666666667,2.81094846401902,89.175,"Female","Control"
"sub-26",3,1,"audio",1.17991,2.54290940042517,86.2,"Female","Control"
"sub-26",3,2,"audio",1.25661333333333,2.87477038356765,85.225,"Female","Control"
"sub-26",4,1,"audio",0.937003333333333,3.78763389735501,89.2333333333333,"Female","Control"
"sub-26",4,2,"audio",1.03346666666667,3.09430476406708,85.2333333333333,"Female","Control"
"sub-27",1,1,"audio",1.32977333333333,1.9523928502097,72.2166666666667,"Male","Experimental"
"sub-27",1,2,"audio",1.57710333333333,0.195288888414074,49.1333333333333,"Male","Experimental"
"sub-27",2,1,"audio",1.28844666666667,3.8437894080113,88.2416666666667,"Male","Experimental"
"sub-27",2,2,"audio",1.42485333333333,2.9446862524527,87.2166666666667,"Male","Experimental"
"sub-27",3,1,"audio",1.31274333333333,3.39731956794777,89.2166666666667,"Male","Experimental"
"sub-27",3,2,"audio",1.2061,3.51096071823941,88.2333333333333,"Male","Experimental"
"sub-27",4,1,"audio",1.09170666666667,3.78763389735501,89.2333333333333,"Male","Experimental"
"sub-27",4,2,"audio",1.11923666666667,3.56809951685558,89.225,"Male","Experimental"
"sub-28",1,1,"audio",0.821063333333333,2.72172629489137,80.2333333333333,"Female","Control"
"sub-28",1,2,"audio",0.922966666666667,2.07819318273849,78.2083333333333,"Female","Control"
"sub-28",2,1,"audio",0.604973333333333,4.13792000638037,88.25,"Female","Control"
"sub-28",2,2,"audio",1.0762,1.93181324533948,84.1666666666667,"Female","Control"
"sub-28",3,1,"audio",0.51384,3.62913118022901,84.25,"Female","Control"
"sub-28",3,2,"audio",0.865803333333333,2.45840049421167,82.2166666666667,"Female","Control"
"sub-28",4,1,"audio",0.60718,3.8437894080113,88.2416666666667,"Female","Control"
"sub-28",4,2,"audio",0.646323333333333,3.00217189208805,84.2333333333333,"Female","Control"
"sub-29",1,1,"audio",1.40972333333333,3.78763389735501,89.2333333333333,"Male","Experimental"
"sub-29",1,2,"audio",1.77112333333333,2.97729633829709,88.2083333333333,"Male","Experimental"
"sub-29",2,1,"audio",1.44406,2.34270717961694,84.2,"Male","Experimental"
"sub-29",2,2,"audio",1.56671333333333,3.11546620136051,87.225,"Male","Experimental"
"sub-29",3,1,"audio",1.12203333333333,4.37309944946723,90.2416666666667,"Male","Experimental"
"sub-29",3,2,"audio",1.23996,3.29142633773999,88.225,"Male","Experimental"
"sub-29",4,1,"audio",1.19717666666667,4.04027075969534,90.2333333333333,"Male","Experimental"
"sub-29",4,2,"audio",1.18542666666667,3.8437894080113,88.2416666666667,"Male","Experimental"
"sub-30",1,1,"audio",1.0843,2.70399043465984,85.2166666666667,"Female","Control"
"sub-30",1,2,"audio",1.36461666666667,1.49182207880974,75.175,"Female","Control"
"sub-30",2,1,"audio",1.21147333333333,2.22899923692567,84.1916666666667,"Female","Control"
"sub-30",2,2,"audio",1.64046333333333,0.714074462965902,75.1,"Female","Control"
"sub-30",3,1,"audio",1.11951666666667,2.53095068590775,83.2166666666667,"Female","Control"
"sub-30",3,2,"audio",1.37906333333333,1.47398745198315,80.15,"Female","Control"
"sub-30",4,1,"audio",0.841586666666667,3.53520280266817,86.2416666666667,"Female","Control"
"sub-30",4,2,"audio",1.29929666666667,1.71227886484006,81.1666666666667,"Female","Control"
"sub-33",1,1,"audio",1.31474666666667,2.32421389006235,86.1833333333333,"Female","Experimental"
"sub-33",1,2,"audio",1.74008666666667,1.16683196613517,83.1,"Female","Experimental"
"sub-33",2,1,"audio",1.13498333333333,4.6672300478363,90.25,"Female","Experimental"
"sub-33",2,2,"audio",1.11175,4.41459318549596,89.25,"Female","Experimental"
"sub-33",3,1,"audio",1.0787,3.78763389735501,89.2333333333333,"Female","Experimental"
"sub-33",3,2,"audio",0.998393333333333,4.37309944946723,90.2416666666667,"Female","Experimental"
"sub-33",4,1,"audio",1.07016,3.56809951685558,89.225,"Female","Experimental"
"sub-33",4,2,"audio",0.881246666666667,4.6672300478363,90.25,"Female","Experimental"
"sub-35",1,1,"audio",1.09396333333333,2.66870973295396,86.2083333333333,"Male","Control"
"sub-35",1,2,"audio",1.3005,1.73369733984687,78.1833333333333,"Male","Control"
"sub-35",2,1,"audio",0.82277,3.82933340103724,86.25,"Male","Control"
"sub-35",2,2,"audio",1.28778666666667,1.65178031162596,74.1916666666667,"Male","Control"
"sub-35",3,1,"audio",0.83566,3.8437894080113,88.2416666666667,"Male","Control"
"sub-35",3,2,"audio",1.21042,1.5467927439544,74.1833333333333,"Male","Control"
"sub-35",4,1,"audio",0.948953333333333,3.8437894080113,88.2416666666667,"Male","Control"
"sub-35",4,2,"audio",1.19281333333333,2.39232318218139,78.225,"Male","Control"
"sub-36",1,1,"audio",1.22153666666667,4.1204625871269,89.2416666666667,"Male","Control"
"sub-36",1,2,"audio",1.36209,2.81205978348905,86.2166666666667,"Male","Control"
"sub-36",2,1,"audio",1.17810666666667,3.12064638883217,88.2166666666667,"Male","Control"
"sub-36",2,2,"audio",1.33540333333333,4.1204625871269,89.2416666666667,"Male","Control"
"sub-36",3,1,"audio",1.27482666666667,2.97729633829709,88.2083333333333,"Male","Control"
"sub-36",3,2,"audio",1.39008666666667,2.70399043465984,85.2166666666667,"Male","Control"
"sub-36",4,1,"audio",1.23637666666667,4.37309944946723,90.2416666666667,"Male","Control"
"sub-36",4,2,"audio",1.44595,4.13792000638037,88.25,"Male","Control"
"sub-37",1,1,"audio",1.21614333333333,3.39731956794777,89.2166666666667,"Male","Control"
"sub-37",1,2,"audio",1.73855333333333,1.16683196613517,83.1,"Male","Control"
"sub-37",2,1,"audio",0.948033333333333,3.8437894080113,88.2416666666667,"Male","Control"
"sub-37",2,2,"audio",1.37681666666667,2.2256886795603,86.175,"Male","Control"
"sub-37",3,1,"audio",0.80601,4.1204625871269,89.2416666666667,"Male","Control"
"sub-37",3,2,"audio",1.07610333333333,2.66870973295396,86.2083333333333,"Male","Control"
"sub-37",4,1,"audio",0.898923333333333,3.9619598700009,87.25,"Male","Control"
"sub-37",4,2,"audio",1.30715666666667,2.2256886795603,86.175,"Male","Control"
"sub-39",1,1,"audio",1.31267666666667,2.73778806307703,88.1916666666667,"Male","Experimental"
"sub-39",1,2,"audio",1.48620333333333,1.93181324533948,84.1666666666667,"Male","Experimental"
"sub-39",2,1,"audio",0.838263333333333,4.37309944946723,90.2416666666667,"Male","Experimental"
"sub-39",2,2,"audio",0.840013333333333,3.56809951685558,89.225,"Male","Experimental"
"sub-39",3,1,"audio",0.867563333333333,4.04027075969534,90.2333333333333,"Male","Experimental"
"sub-39",3,2,"audio",1.06249333333333,3.38080604722423,90.2,"Male","Experimental"
"sub-39",4,1,"audio",0.840416666666667,4.1204625871269,89.2416666666667,"Male","Experimental"
"sub-39",4,2,"audio",0.723273333333333,4.37309944946723,90.2416666666667,"Male","Experimental"
"sub-41",1,1,"audio",1.02621,3.29142633773999,88.225,"Male","Control"
"sub-41",1,2,"audio",1.27195666666667,2.9446862524527,87.2166666666667,"Male","Control"
"sub-41",2,1,"audio",1.18942,3.78763389735501,89.2333333333333,"Male","Control"
"sub-41",2,2,"audio",1.30609666666667,3.29142633773999,88.225,"Male","Control"
"sub-41",3,1,"audio",1.08689,2.80133620191762,87.2083333333333,"Male","Control"
"sub-41",3,2,"audio",1.24407333333333,3.56809951685558,89.225,"Male","Control"
"sub-41",4,1,"audio",1.15472333333333,2.97729633829709,88.2083333333333,"Male","Control"
"sub-41",4,2,"audio",1.05199666666667,4.41459318549596,89.25,"Male","Control"
"sub-42",1,1,"audio",1.00482333333333,3.11546620136051,87.225,"Female","Control"
"sub-42",1,2,"audio",1.28824333333333,2.67553586938883,87.2,"Female","Control"
"sub-42",2,1,"audio",0.940233333333333,3.51096071823941,88.2333333333333,"Female","Control"
"sub-42",2,2,"audio",1.01900666666667,3.33500058185994,87.2333333333333,"Female","Control"
"sub-42",3,1,"audio",0.99657,3.66782927163183,87.2416666666667,"Female","Control"
"sub-42",3,2,"audio",0.963443333333333,4.37309944946723,90.2416666666667,"Female","Control"
"sub-42",4,1,"audio",1.01051666666667,3.56809951685558,89.225,"Female","Control"
"sub-42",4,2,"audio",0.95558,3.8437894080113,88.2416666666667,"Female","Control"
"sub-43",1,1,"audio",1.02406666666667,3.78763389735501,89.2333333333333,"Female","Control"
"sub-43",1,2,"audio",0.956253333333333,3.56809951685558,89.225,"Female","Control"
"sub-43",2,1,"audio",1.01592,3.6499564302881,90.2166666666667,"Female","Control"
"sub-43",2,2,"audio",0.982726666666667,3.11546620136051,87.225,"Female","Control"
"sub-43",3,1,"audio",1.01978666666667,3.66782927163183,87.2416666666667,"Female","Control"
"sub-43",3,2,"audio",1.04681333333333,4.04027075969534,90.2333333333333,"Female","Control"
"sub-43",4,1,"audio",0.99028,3.9619598700009,87.25,"Female","Control"
"sub-43",4,2,"audio",1.10318333333333,3.39731956794777,89.2166666666667,"Female","Control"
"sub-44",1,1,"audio",1.10713333333333,3.20237411289628,86.2333333333333,"Female","Experimental"
"sub-44",1,2,"audio",1.34090666666667,2.4292014577339,86.1916666666667,"Female","Experimental"
"sub-44",2,1,"audio",0.830156666666667,3.42713345383897,85.2416666666667,"Female","Experimental"
"sub-44",2,2,"audio",0.79109,3.33500058185994,87.2333333333333,"Female","Experimental"
"sub-44",3,1,"audio",1.11977333333333,3.33500058185994,87.2333333333333,"Female","Experimental"
"sub-44",3,2,"audio",1.19732666666667,2.456840359026,87.1833333333333,"Female","Experimental"
"sub-44",4,1,"audio",0.961653333333333,3.29142633773999,88.225,"Female","Experimental"
"sub-44",4,2,"audio",0.775586666666667,3.8437894080113,88.2416666666667,"Female","Experimental"
"sub-45",1,1,"audio",1.21984,3.29142633773999,88.225,"Female","Experimental"
"sub-45",1,2,"audio",1.41493666666667,2.81205978348905,86.2166666666667,"Female","Experimental"
"sub-45",2,1,"audio",0.847786666666667,4.04027075969534,90.2333333333333,"Female","Experimental"
"sub-45",2,2,"audio",0.78062,4.37309944946723,90.2416666666667,"Female","Experimental"
"sub-45",3,1,"audio",0.880016666666667,3.12064638883217,88.2166666666667,"Female","Experimental"
"sub-45",3,2,"audio",0.928093333333333,3.82073637919591,90.225,"Female","Experimental"
"sub-45",4,1,"audio",0.758676666666667,3.51096071823941,88.2333333333333,"Female","Experimental"
"sub-45",4,2,"audio",0.79747,3.82073637919591,90.225,"Female","Experimental"
"sub-46",1,1,"audio",1.39358,3.56809951685558,89.225,"Male","Control"
"sub-46",1,2,"audio",1.55912,2.62918044311949,82.225,"Male","Control"
"sub-46",2,1,"audio",1.47975666666667,3.39731956794777,89.2166666666667,"Male","Control"
"sub-46",2,2,"audio",1.38487333333333,2.66870973295396,86.2083333333333,"Male","Control"
"sub-46",3,1,"audio",1.31646333333333,3.12064638883217,88.2166666666667,"Male","Control"
"sub-46",3,2,"audio",1.47189,2.8514960057683,88.2,"Male","Control"
"sub-46",4,1,"audio",1.36767333333333,4.1204625871269,89.2416666666667,"Male","Control"
"sub-46",4,2,"audio",1.49026666666667,2.04198299394006,86.1583333333333,"Male","Control"
"sub-47",1,1,"audio",0.997503333333333,4.1204625871269,89.2416666666667,"Male","Experimental"
"sub-47",1,2,"audio",1.25979333333333,3.1281691848839,89.2,"Male","Experimental"
"sub-47",2,1,"audio",0.893443333333333,4.04027075969534,90.2333333333333,"Male","Experimental"
"sub-47",2,2,"audio",0.86134,4.1204625871269,89.2416666666667,"Male","Experimental"
"sub-47",3,1,"audio",0.97604,4.37309944946723,90.2416666666667,"Male","Experimental"
"sub-47",3,2,"audio",0.91875,4.41459318549596,89.25,"Male","Experimental"
"sub-47",4,1,"audio",0.88997,4.1204625871269,89.2416666666667,"Male","Experimental"
"sub-47",4,2,"audio",0.9043,4.1204625871269,89.2416666666667,"Male","Experimental"
"sub-48",1,1,"audio",1.26907,2.3211321089047,85.1916666666667,"Female","Experimental"
"sub-48",1,2,"audio",1.51764,1.68832370466268,82.1583333333333,"Female","Experimental"
"sub-48",2,1,"audio",1.13379,3.39731956794777,89.2166666666667,"Female","Experimental"
"sub-48",2,2,"audio",1.23714,2.8514960057683,88.2,"Female","Experimental"
"sub-48",3,1,"audio",0.936193333333333,4.04027075969534,90.2333333333333,"Female","Experimental"
"sub-48",3,2,"audio",1.21219,3.11546620136051,87.225,"Female","Experimental"
"sub-48",4,1,"audio",1.32268333333333,3.1621105368614,90.1833333333333,"Female","Experimental"
"sub-48",4,2,"audio",1.44719666666667,1.93391364511085,85.1583333333333,"Female","Experimental"
"sub-50",1,1,"audio",1.30811,3.12064638883217,88.2166666666667,"Male","Control"
"sub-50",1,2,"audio",1.48124,1.84656592115885,85.15,"Male","Control"
"sub-50",2,1,"audio",1.10162,3.9619598700009,87.25,"Male","Control"
"sub-50",2,2,"audio",1.10918666666667,2.80133620191762,87.2083333333333,"Male","Control"
"sub-50",3,1,"audio",1.30336333333333,2.73778806307703,88.1916666666667,"Male","Control"
"sub-50",3,2,"audio",1.42796,2.17460946290371,87.1583333333333,"Male","Control"
"sub-50",4,1,"audio",1.21209666666667,3.56809951685558,89.225,"Male","Control"
"sub-50",4,2,"audio",1.21185333333333,3.01446124219263,89.1916666666667,"Male","Control"
"sub-51",1,1,"audio",1.63296666666667,2.66870973295396,86.2083333333333,"Male","Experimental"
"sub-51",1,2,"audio",1.92223666666667,1.85582065201552,89.0833333333333,"Male","Experimental"
"sub-51",2,1,"audio",1.25536333333333,4.04027075969534,90.2333333333333,"Male","Experimental"
"sub-51",2,2,"audio",1.53507,3.25396951741268,89.2083333333333,"Male","Experimental"
"sub-51",3,1,"audio",1.44605666666667,3.6499564302881,90.2166666666667,"Male","Experimental"
"sub-51",3,2,"audio",1.58564,2.71727525060644,89.1666666666667,"Male","Experimental"
"sub-51",4,1,"audio",1.51838,2.98283973239686,86.225,"Male","Experimental"
"sub-51",4,2,"audio",1.46585666666667,2.81205978348905,86.2166666666667,"Male","Experimental"
"sub-52",1,1,"audio",1.55207666666667,2.22899923692567,84.1916666666667,"Male","Experimental"
"sub-52",1,2,"audio",1.58311333333333,1.68832370466268,82.1583333333333,"Male","Experimental"
"sub-52",2,1,"audio",1.47160333333333,3.12064638883217,88.2166666666667,"Male","Experimental"
"sub-52",2,2,"audio",1.59087333333333,1.94457958197901,83.175,"Male","Experimental"
"sub-52",3,1,"audio",1.52464666666667,1.76087389635876,83.1583333333333,"Male","Experimental"
"sub-52",3,2,"audio",1.59081,2.08726173895171,87.15,"Male","Experimental"
"sub-52",4,1,"audio",1.53996,2.73778806307703,88.1916666666667,"Male","Experimental"
"sub-52",4,2,"audio",1.22276,3.56809951685558,89.225,"Male","Experimental"
"sub-53",1,1,"audio",1.46383333333333,3.78763389735501,89.2333333333333,"Male","Control"
"sub-53",1,2,"audio",1.79589,2.2256886795603,86.175,"Male","Control"
"sub-53",2,1,"audio",1.44301,2.80133620191762,87.2083333333333,"Male","Control"
"sub-53",2,2,"audio",1.67484,1.74504086155539,80.175,"Male","Control"
"sub-53",3,1,"audio",1.26816333333333,4.1204625871269,89.2416666666667,"Male","Control"
"sub-53",3,2,"audio",1.68422666666667,1.94457958197901,83.175,"Male","Control"
"sub-53",4,1,"audio",1.18841666666667,4.6672300478363,90.25,"Male","Control"
"sub-53",4,2,"audio",1.64878666666667,2.22899923692567,84.1916666666667,"Male","Control"
"sub-54",1,1,"audio",1.38322,3.29142633773999,88.225,"Female","Experimental"
"sub-54",1,2,"audio",1.50101666666667,1.97055460078497,82.1833333333333,"Female","Experimental"
"sub-54",2,1,"audio",1.21589666666667,4.04027075969534,90.2333333333333,"Female","Experimental"
"sub-54",2,2,"audio",1.32684333333333,2.81205978348905,86.2166666666667,"Female","Experimental"
"sub-54",3,1,"audio",1.10115,4.04027075969534,90.2333333333333,"Female","Experimental"
"sub-54",3,2,"audio",1.14469,3.29142633773999,88.225,"Female","Experimental"
"sub-54",4,1,"audio",1.07400333333333,3.29142633773999,88.225,"Female","Experimental"
"sub-54",4,2,"audio",1.23732333333333,3.12064638883217,88.2166666666667,"Female","Experimental"
"sub-55",1,1,"audio",0.8032,3.8437894080113,88.2416666666667,"Male","Control"
"sub-55",1,2,"audio",1.22082,2.87477038356765,85.225,"Male","Control"
"sub-55",2,1,"audio",0.903646666666667,3.8437894080113,88.2416666666667,"Male","Control"
"sub-55",2,2,"audio",1.12998333333333,3.8437894080113,88.2416666666667,"Male","Control"
"sub-55",3,1,"audio",0.965833333333333,4.1204625871269,89.2416666666667,"Male","Control"
"sub-55",3,2,"audio",1.18645,2.98283973239686,86.225,"Male","Control"
"sub-55",4,1,"audio",1.18889,3.33500058185994,87.2333333333333,"Male","Control"
"sub-55",4,2,"audio",1.26834666666667,4.37309944946723,90.2416666666667,"Male","Control"
"sub-56",1,1,"audio",1.27764333333333,2.67553586938883,87.2,"Female","Experimental"
"sub-56",1,2,"audio",1.34017,2.14809236015261,83.1916666666667,"Female","Experimental"
"sub-56",2,1,"audio",1.27147333333333,2.63280049540547,88.1833333333333,"Female","Experimental"
"sub-56",2,2,"audio",1.09014666666667,3.11546620136051,87.225,"Female","Experimental"
"sub-56",3,1,"audio",1.41017,2.90947367452107,89.1833333333333,"Female","Experimental"
"sub-56",3,2,"audio",0.9906,4.04027075969534,90.2333333333333,"Female","Experimental"
"sub-56",4,1,"audio",1.20787,3.50660637975301,90.2083333333333,"Female","Experimental"
"sub-56",4,2,"audio",0.930813333333333,3.53520280266817,86.2416666666667,"Female","Experimental"
"sub-01",1,1,"spatial",1.08439666666667,3.82073637919591,90.225,"Female","Control"
"sub-01",1,2,"spatial",1.64991333333333,2.43484005159597,85.2,"Female","Control"
"sub-01",2,1,"spatial",1.11645,3.01446124219263,89.1916666666667,"Female","Control"
"sub-01",2,2,"spatial",1.39574333333333,3.25396951741268,89.2083333333333,"Female","Control"
"sub-01",3,1,"spatial",1.37240666666667,2.63280049540547,88.1833333333333,"Female","Control"
"sub-01",3,2,"spatial",1.10641,3.25396951741268,89.2083333333333,"Female","Control"
"sub-01",4,1,"spatial",1.25657333333333,2.8514960057683,88.2,"Female","Control"
"sub-01",4,2,"spatial",1.37384666666667,3.39731956794777,89.2166666666667,"Female","Control"
"sub-02",1,1,"spatial",1.12635333333333,4.13792000638037,88.25,"Male","Control"
"sub-02",1,2,"spatial",1.42494,2.96991211294677,90.1666666666667,"Male","Control"
"sub-02",2,1,"spatial",0.943676666666667,3.56809951685558,89.225,"Male","Control"
"sub-02",2,2,"spatial",1.09996333333333,3.51096071823941,88.2333333333333,"Male","Control"
"sub-02",3,1,"spatial",1.02859333333333,3.56809951685558,89.225,"Male","Control"
"sub-02",3,2,"spatial",1.12910666666667,2.81205978348905,86.2166666666667,"Male","Control"
"sub-02",4,1,"spatial",1.02790666666667,3.38080604722423,90.2,"Male","Control"
"sub-02",4,2,"spatial",1.13067,3.39731956794777,89.2166666666667,"Male","Control"
"sub-04",1,1,"spatial",0.918806666666667,3.05455498466326,80.2416666666667,"Female","Control"
"sub-04",1,2,"spatial",1.35944666666667,1.30429208275448,80.1333333333333,"Female","Control"
"sub-04",2,1,"spatial",0.821513333333333,4.04027075969534,90.2333333333333,"Female","Control"
"sub-04",2,2,"spatial",1.47914,1.84178077313182,84.1583333333333,"Female","Control"
"sub-04",3,1,"spatial",0.690083333333333,3.82933340103724,86.25,"Female","Control"
"sub-04",3,2,"spatial",1.13534333333333,2.02548645875207,84.175,"Female","Control"
"sub-04",4,1,"spatial",0.796853333333333,2.9446862524527,87.2166666666667,"Female","Control"
"sub-04",4,2,"spatial",0.871733333333333,2.43484005159597,85.2,"Female","Control"
"sub-05",1,1,"spatial",1.13328333333333,2.80133620191762,87.2083333333333,"Female","Experimental"
"sub-05",1,2,"spatial",1.33915,2.73778806307703,88.1916666666667,"Female","Experimental"
"sub-05",2,1,"spatial",1.11196666666667,4.1204625871269,89.2416666666667,"Female","Experimental"
"sub-05",2,2,"spatial",0.968156666666667,3.8437894080113,88.2416666666667,"Female","Experimental"
"sub-05",3,1,"spatial",0.73663,4.6672300478363,90.25,"Female","Experimental"
"sub-05",3,2,"spatial",0.809983333333333,4.1204625871269,89.2416666666667,"Female","Experimental"
"sub-05",4,1,"spatial",0.924116666666667,3.78763389735501,89.2333333333333,"Female","Experimental"
"sub-05",4,2,"spatial",0.835033333333333,3.78763389735501,89.2333333333333,"Female","Experimental"
"sub-06",1,1,"spatial",0.80075,4.37309944946723,90.2416666666667,"Male","Experimental"
"sub-06",1,2,"spatial",1.50498,1.33987171488725,85.1,"Male","Experimental"
"sub-06",2,1,"spatial",0.842016666666667,4.37309944946723,90.2416666666667,"Male","Experimental"
"sub-06",2,2,"spatial",0.974543333333333,3.25396951741268,89.2083333333333,"Male","Experimental"
"sub-06",3,1,"spatial",0.977883333333333,3.56809951685558,89.225,"Male","Experimental"
"sub-06",3,2,"spatial",0.71576,4.6672300478363,90.25,"Male","Experimental"
"sub-06",4,1,"spatial",0.952606666666667,3.12064638883217,88.2166666666667,"Male","Experimental"
"sub-06",4,2,"spatial",0.789146666666667,4.37309944946723,90.2416666666667,"Male","Experimental"
"sub-07",1,1,"spatial",1.13844666666667,3.25396951741268,89.2083333333333,"Male","Experimental"
"sub-07",1,2,"spatial",1.59300666666667,1.25228506448286,83.1083333333333,"Male","Experimental"
"sub-07",2,1,"spatial",1.29008666666667,3.1281691848839,89.2,"Male","Experimental"
"sub-07",2,2,"spatial",1.40437666666667,2.26322187533119,88.15,"Male","Experimental"
"sub-07",3,1,"spatial",1.43652333333333,2.62724277839878,89.1583333333333,"Male","Experimental"
"sub-07",3,2,"spatial",1.42645333333333,1.67687055193018,85.1333333333333,"Male","Experimental"
"sub-07",4,1,"spatial",1.42508333333333,1.95463526998806,86.15,"Male","Experimental"
"sub-07",4,2,"spatial",1.42312,1.61763643294513,86.1166666666667,"Male","Experimental"
"sub-08",1,1,"spatial",1.08190666666667,3.6499564302881,90.2166666666667,"Female","Control"
"sub-08",1,2,"spatial",1.13788666666667,3.51096071823941,88.2333333333333,"Female","Control"
"sub-08",2,1,"spatial",1.06212666666667,3.8437894080113,88.2416666666667,"Female","Control"
"sub-08",2,2,"spatial",1.34621333333333,3.25396951741268,89.2083333333333,"Female","Control"
"sub-08",3,1,"spatial",0.86072,4.6672300478363,90.25,"Female","Control"
"sub-08",3,2,"spatial",0.959596666666667,4.41459318549596,89.25,"Female","Control"
"sub-08",4,1,"spatial",0.797036666666667,4.04027075969534,90.2333333333333,"Female","Control"
"sub-08",4,2,"spatial",1.08347666666667,4.6672300478363,90.25,"Female","Control"
"sub-10",1,1,"spatial",1.54875333333333,2.4292014577339,86.1916666666667,"Female","Control"
"sub-10",1,2,"spatial",1.68922,1.33184358694137,79.1416666666667,"Female","Control"
"sub-10",2,1,"spatial",1.51728,3.82073637919591,90.225,"Female","Control"
"sub-10",2,2,"spatial",1.56301666666667,2.53989505444678,89.15,"Female","Control"
"sub-10",3,1,"spatial",1.27536666666667,3.82073637919591,90.225,"Female","Control"
"sub-10",3,2,"spatial",1.50454333333333,1.93391364511085,85.1583333333333,"Female","Control"
"sub-10",4,1,"spatial",1.21848,4.37309944946723,90.2416666666667,"Female","Control"
"sub-10",4,2,"spatial",1.31366666666667,3.26709810453296,90.1916666666667,"Female","Control"
"sub-11",1,1,"spatial",1.11274,3.1281691848839,89.2,"Female","Experimental"
"sub-11",1,2,"spatial",1.49707333333333,1.59321881802305,85.125,"Female","Experimental"
"sub-11",2,1,"spatial",0.879393333333333,4.41459318549596,89.25,"Female","Experimental"
"sub-11",2,2,"spatial",1.03858,3.6499564302881,90.2166666666667,"Female","Experimental"
"sub-11",3,1,"spatial",0.815973333333333,4.04027075969534,90.2333333333333,"Female","Experimental"
"sub-11",3,2,"spatial",0.633483333333333,4.6672300478363,90.25,"Female","Experimental"
"sub-11",4,1,"spatial",0.727003333333333,4.04027075969534,90.2333333333333,"Female","Experimental"
"sub-11",4,2,"spatial",0.56867,4.41459318549596,89.25,"Female","Experimental"
"sub-12",1,1,"spatial",1.14772333333333,3.56809951685558,89.225,"Female","Control"
"sub-12",1,2,"spatial",1.60297333333333,2.00987477219539,88.125,"Female","Control"
"sub-12",2,1,"spatial",1.17131666666667,2.8514960057683,88.2,"Female","Control"
"sub-12",2,2,"spatial",1.58063333333333,2.81094846401902,89.175,"Female","Control"
"sub-12",3,1,"spatial",1.4663,2.63280049540547,88.1833333333333,"Female","Control"
"sub-12",3,2,"spatial",1.55385333333333,2.71727525060644,89.1666666666667,"Female","Control"
"sub-12",4,1,"spatial",1.30776333333333,3.33500058185994,87.2333333333333,"Female","Control"
"sub-12",4,2,"spatial",1.41704333333333,2.63280049540547,88.1833333333333,"Female","Control"
"sub-13",1,1,"spatial",1.20226,3.26709810453296,90.1916666666667,"Female","Control"
"sub-13",1,2,"spatial",1.64734333333333,1.86918217164037,86.1416666666667,"Female","Control"
"sub-13",2,1,"spatial",1.18611666666667,3.26709810453296,90.1916666666667,"Female","Control"
"sub-13",2,2,"spatial",1.4727,2.53427528490343,88.175,"Female","Control"
"sub-13",3,1,"spatial",1.00696,3.29142633773999,88.225,"Female","Control"
"sub-13",3,2,"spatial",1.52658,3.26709810453296,90.1916666666667,"Female","Control"
"sub-13",4,1,"spatial",1.16688333333333,3.1281691848839,89.2,"Female","Control"
"sub-13",4,2,"spatial",1.41924333333333,2.71727525060644,89.1666666666667,"Female","Control"
"sub-14",1,1,"spatial",0.86584,4.37309944946723,90.2416666666667,"Female","Experimental"
"sub-14",1,2,"spatial",1.35467666666667,2.12401166925411,84.1833333333333,"Female","Experimental"
"sub-14",2,1,"spatial",0.855373333333333,3.51096071823941,88.2333333333333,"Female","Experimental"
"sub-14",2,2,"spatial",0.89545,4.1204625871269,89.2416666666667,"Female","Experimental"
"sub-14",3,1,"spatial",0.897893333333333,4.04027075969534,90.2333333333333,"Female","Experimental"
"sub-14",3,2,"spatial",0.952856666666667,3.78763389735501,89.2333333333333,"Female","Experimental"
"sub-14",4,1,"spatial",0.924713333333333,3.39731956794777,89.2166666666667,"Female","Experimental"
"sub-14",4,2,"spatial",0.706583333333333,4.6672300478363,90.25,"Female","Experimental"
"sub-15",1,1,"spatial",1.22535666666667,3.6499564302881,90.2166666666667,"Female","Control"
"sub-15",1,2,"spatial",1.49662666666667,1.87202939028293,82.175,"Female","Control"
"sub-15",2,1,"spatial",1.22407333333333,3.78763389735501,89.2333333333333,"Female","Control"
"sub-15",2,2,"spatial",1.59185333333333,1.84656592115885,85.15,"Female","Control"
"sub-15",3,1,"spatial",1.17902,3.56809951685558,89.225,"Female","Control"
"sub-15",3,2,"spatial",1.42,2.13201546614772,86.1666666666667,"Female","Control"
"sub-15",4,1,"spatial",0.994776666666667,4.37309944946723,90.2416666666667,"Female","Control"
"sub-15",4,2,"spatial",1.34133666666667,2.9446862524527,87.2166666666667,"Female","Control"
"sub-16",1,1,"spatial",1.29159333333333,3.6499564302881,90.2166666666667,"Female","Experimental"
"sub-16",1,2,"spatial",1.2989,2.81094846401902,89.175,"Female","Experimental"
"sub-16",2,1,"spatial",1.19792666666667,3.39731956794777,89.2166666666667,"Female","Experimental"
"sub-16",2,2,"spatial",1.28602666666667,3.26709810453296,90.1916666666667,"Female","Experimental"
"sub-16",3,1,"spatial",1.17004666666667,3.50660637975301,90.2083333333333,"Female","Experimental"
"sub-16",3,2,"spatial",1.27147,3.1281691848839,89.2,"Female","Experimental"
"sub-16",4,1,"spatial",1.21081,2.90947367452107,89.1833333333333,"Female","Experimental"
"sub-16",4,2,"spatial",0.974833333333333,3.6499564302881,90.2166666666667,"Female","Experimental"
"sub-18",1,1,"spatial",0.667476666666667,4.37309944946723,90.2416666666667,"Male","Experimental"
"sub-18",1,2,"spatial",0.98022,2.81205978348905,86.2166666666667,"Male","Experimental"
"sub-18",2,1,"spatial",0.530003333333333,4.6672300478363,90.25,"Male","Experimental"
"sub-18",2,2,"spatial",0.556763333333333,4.6672300478363,90.25,"Male","Experimental"
"sub-18",3,1,"spatial",0.587343333333333,4.41459318549596,89.25,"Male","Experimental"
"sub-18",3,2,"spatial",0.657263333333333,4.04027075969534,90.2333333333333,"Male","Experimental"
"sub-18",4,1,"spatial",0.716943333333333,4.37309944946723,90.2416666666667,"Male","Experimental"
"sub-18",4,2,"spatial",0.69362,4.37309944946723,90.2416666666667,"Male","Experimental"
"sub-19",1,1,"spatial",1.19915,2.26180030284388,83.2,"Female","Experimental"
"sub-19",1,2,"spatial",1.43445,1.86918217164037,86.1416666666667,"Female","Experimental"
"sub-19",2,1,"spatial",1.34167333333333,2.73778806307703,88.1916666666667,"Female","Experimental"
"sub-19",2,2,"spatial",1.20711333333333,2.8514960057683,88.2,"Female","Experimental"
"sub-19",3,1,"spatial",1.32971666666667,2.11761933073109,85.175,"Female","Experimental"
"sub-19",3,2,"spatial",1.17144,2.79253191678711,90.15,"Female","Experimental"
"sub-19",4,1,"spatial",1.01268,2.34270717961694,84.2,"Female","Experimental"
"sub-19",4,2,"spatial",1.08722,2.73778806307703,88.1916666666667,"Female","Experimental"
"sub-20",1,1,"spatial",1.01637666666667,4.37309944946723,90.2416666666667,"Male","Control"
"sub-20",1,2,"spatial",1.32851,1.6222463926324,81.1583333333333,"Male","Control"
"sub-20",2,1,"spatial",1.18167333333333,3.50660637975301,90.2083333333333,"Male","Control"
"sub-20",2,2,"spatial",1.59532333333333,1.33652733536384,83.1166666666667,"Male","Control"
"sub-20",3,1,"spatial",1.3425,2.62724277839878,89.1583333333333,"Male","Control"
"sub-20",3,2,"spatial",1.52534666666667,1.47398745198315,80.15,"Male","Control"
"sub-20",4,1,"spatial",1.19148666666667,3.06358532635935,90.175,"Male","Control"
"sub-20",4,2,"spatial",1.52320666666667,1.67687055193018,85.1333333333333,"Male","Control"
"sub-21",1,1,"spatial",1.32265333333333,3.1621105368614,90.1833333333333,"Male","Experimental"
"sub-21",1,2,"spatial",1.35753666666667,3.01446124219263,89.1916666666667,"Male","Experimental"
"sub-21",2,1,"spatial",1.29449666666667,2.63280049540547,88.1833333333333,"Male","Experimental"
"sub-21",2,2,"spatial",1.44851,3.1281691848839,89.2,"Male","Experimental"
"sub-21",3,1,"spatial",1.25323666666667,4.04027075969534,90.2333333333333,"Male","Experimental"
"sub-21",3,2,"spatial",1.20556333333333,2.92126501531499,83.2333333333333,"Male","Experimental"
"sub-21",4,1,"spatial",1.26048333333333,3.82073637919591,90.225,"Male","Experimental"
"sub-21",4,2,"spatial",1.20495333333333,3.25396951741268,89.2083333333333,"Male","Experimental"
"sub-23",1,1,"spatial",0.830276666666667,3.8437894080113,88.2416666666667,"Male","Experimental"
"sub-23",1,2,"spatial",1.17587333333333,2.66870973295396,86.2083333333333,"Male","Experimental"
"sub-23",2,1,"spatial",0.775026666666667,4.6672300478363,90.25,"Male","Experimental"
"sub-23",2,2,"spatial",0.921733333333333,3.51096071823941,88.2333333333333,"Male","Experimental"
"sub-23",3,1,"spatial",0.8231,4.6672300478363,90.25,"Male","Experimental"
"sub-23",3,2,"spatial",0.84232,4.04027075969534,90.2333333333333,"Male","Experimental"
"sub-23",4,1,"spatial",0.68425,4.6672300478363,90.25,"Male","Experimental"
"sub-23",4,2,"spatial",0.57694,4.6672300478363,90.25,"Male","Experimental"
"sub-24",1,1,"spatial",1.20688333333333,3.01446124219263,89.1916666666667,"Female","Experimental"
"sub-24",1,2,"spatial",1.21072,2.34270717961694,84.2,"Female","Experimental"
"sub-24",2,1,"spatial",0.78319,4.04027075969534,90.2333333333333,"Female","Experimental"
"sub-24",2,2,"spatial",0.85218,3.6499564302881,90.2166666666667,"Female","Experimental"
"sub-24",3,1,"spatial",0.940303333333333,3.50660637975301,90.2083333333333,"Female","Experimental"
"sub-24",3,2,"spatial",0.884706666666667,3.6499564302881,90.2166666666667,"Female","Experimental"
"sub-24",4,1,"spatial",0.995926666666667,4.04027075969534,90.2333333333333,"Female","Experimental"
"sub-24",4,2,"spatial",0.921633333333333,4.37309944946723,90.2416666666667,"Female","Experimental"
"sub-25",1,1,"spatial",1.58544,2.71727525060644,89.1666666666667,"Male","Control"
"sub-25",1,2,"spatial",1.75907333333333,1.50956708411592,85.1166666666667,"Male","Control"
"sub-25",2,1,"spatial",1.69442666666667,2.20289621740385,89.1166666666667,"Male","Control"
"sub-25",2,2,"spatial",1.96488666666667,0.0921328719790258,85.0166666666667,"Male","Control"
"sub-25",3,1,"spatial",1.27909666666667,3.6499564302881,90.2166666666667,"Male","Control"
"sub-25",3,2,"spatial",1.51471666666667,2.00180864060402,87.1416666666667,"Male","Control"
"sub-25",4,1,"spatial",1.48950333333333,3.01446124219263,89.1916666666667,"Male","Control"
"sub-25",4,2,"spatial",1.45714333333333,3.01446124219263,89.1916666666667,"Male","Control"
"sub-26",1,1,"spatial",1.03985333333333,2.8514960057683,88.2,"Female","Control"
"sub-26",1,2,"spatial",1.47952333333333,2.53918481365131,90.125,"Female","Control"
"sub-26",2,1,"spatial",0.829356666666667,3.56809951685558,89.225,"Female","Control"
"sub-26",2,2,"spatial",1.08113,2.43484005159597,85.2,"Female","Control"
"sub-26",3,1,"spatial",1.27134666666667,2.87987964073911,90.1583333333333,"Female","Control"
"sub-26",3,2,"spatial",1.55285,2.00987477219539,88.125,"Female","Control"
"sub-26",4,1,"spatial",1.06244666666667,3.01446124219263,89.1916666666667,"Female","Control"
"sub-26",4,2,"spatial",1.10711,3.26709810453296,90.1916666666667,"Female","Control"
"sub-27",1,1,"spatial",1.36746,1.85451457101761,76.2,"Male","Experimental"
"sub-27",1,2,"spatial",1.62743333333333,0.505804063942649,65.1166666666667,"Male","Experimental"
"sub-27",2,1,"spatial",1.30443666666667,2.63280049540547,88.1833333333333,"Male","Experimental"
"sub-27",2,2,"spatial",1.33143333333333,2.8514960057683,88.2,"Male","Experimental"
"sub-27",3,1,"spatial",1.13498,2.8514960057683,88.2,"Male","Experimental"
"sub-27",3,2,"spatial",1.09331333333333,3.25396951741268,89.2083333333333,"Male","Experimental"
"sub-27",4,1,"spatial",1.28074,2.81094846401902,89.175,"Male","Experimental"
"sub-27",4,2,"spatial",1.30760666666667,2.79253191678711,90.15,"Male","Experimental"
"sub-28",1,1,"spatial",0.619106666666667,3.33500058185994,84.2416666666667,"Female","Control"
"sub-28",1,2,"spatial",1.22235333333333,1.6222463926324,81.1583333333333,"Female","Control"
"sub-28",2,1,"spatial",0.5125,3.9619598700009,87.25,"Female","Control"
"sub-28",2,2,"spatial",0.866406666666667,2.4292014577339,86.1916666666667,"Female","Control"
"sub-28",3,1,"spatial",0.509636666666667,4.13792000638037,88.25,"Female","Control"
"sub-28",3,2,"spatial",0.79425,2.81205978348905,86.2166666666667,"Female","Control"
"sub-28",4,1,"spatial",0.5127,4.13792000638037,88.25,"Female","Control"
"sub-28",4,2,"spatial",0.674286666666667,3.33500058185994,87.2333333333333,"Female","Control"
"sub-29",1,1,"spatial",1.46981666666667,2.97729633829709,88.2083333333333,"Male","Experimental"
"sub-29",1,2,"spatial",1.75405333333333,2.80133620191762,87.2083333333333,"Male","Experimental"
"sub-29",2,1,"spatial",1.2816,3.39731956794777,89.2166666666667,"Male","Experimental"
"sub-29",2,2,"spatial",1.64585333333333,2.44060207149084,88.1666666666667,"Male","Experimental"
"sub-29",3,1,"spatial",1.16079333333333,3.39731956794777,89.2166666666667,"Male","Experimental"
"sub-29",3,2,"spatial",1.23363333333333,3.6499564302881,90.2166666666667,"Male","Experimental"
"sub-29",4,1,"spatial",1.18964,3.82073637919591,90.225,"Male","Experimental"
"sub-29",4,2,"spatial",1.15776,3.6499564302881,90.2166666666667,"Male","Experimental"
"sub-30",1,1,"spatial",1.22498666666667,2.81094846401902,89.175,"Female","Control"
"sub-30",1,2,"spatial",1.48945666666667,1.76111282281116,85.1416666666667,"Female","Control"
"sub-30",2,1,"spatial",1.48840666666667,1.38853435363546,80.1416666666667,"Female","Control"
"sub-30",2,2,"spatial",1.66886,1.06881830531501,85.075,"Female","Control"
"sub-30",3,1,"spatial",1.36121666666667,2.71727525060644,89.1666666666667,"Female","Control"
"sub-30",3,2,"spatial",1.75515,1.06881830531501,85.075,"Female","Control"
"sub-30",4,1,"spatial",1.08927333333333,2.26464193511137,87.1666666666667,"Female","Control"
"sub-30",4,2,"spatial",1.17077666666667,2.2256886795603,86.175,"Female","Control"
"sub-33",1,1,"spatial",1.46888,2.26464193511137,87.1666666666667,"Female","Experimental"
"sub-33",1,2,"spatial",1.67803333333333,1.58056753268011,87.1,"Female","Experimental"
"sub-33",2,1,"spatial",1.11671333333333,4.6672300478363,90.25,"Female","Experimental"
"sub-33",2,2,"spatial",1.28214333333333,3.6499564302881,90.2166666666667,"Female","Experimental"
"sub-33",3,1,"spatial",1.1142,3.39731956794777,89.2166666666667,"Female","Experimental"
"sub-33",3,2,"spatial",0.902823333333333,4.1204625871269,89.2416666666667,"Female","Experimental"
"sub-33",4,1,"spatial",0.84921,4.41459318549596,89.25,"Female","Experimental"
"sub-33",4,2,"spatial",0.90764,3.53520280266817,86.2416666666667,"Female","Experimental"
"sub-35",1,1,"spatial",0.90383,3.6499564302881,90.2166666666667,"Male","Control"
"sub-35",1,2,"spatial",1.11953,1.68835009486131,79.175,"Male","Control"
"sub-35",2,1,"spatial",0.78344,4.37309944946723,90.2416666666667,"Male","Control"
"sub-35",2,2,"spatial",1.2081,2.07554216845653,82.1916666666667,"Male","Control"
"sub-35",3,1,"spatial",1.03539,3.38080604722423,90.2,"Male","Control"
"sub-35",3,2,"spatial",1.02472,2.12401166925411,84.1833333333333,"Male","Control"
"sub-35",4,1,"spatial",0.975203333333333,3.50660637975301,90.2083333333333,"Male","Control"
"sub-35",4,2,"spatial",1.19212666666667,1.97055460078497,82.1833333333333,"Male","Control"
"sub-36",1,1,"spatial",0.969963333333333,4.04027075969534,90.2333333333333,"Male","Control"
"sub-36",1,2,"spatial",1.21341333333333,2.81205978348905,86.2166666666667,"Male","Control"
"sub-36",2,1,"spatial",1.20768666666667,3.6499564302881,90.2166666666667,"Male","Control"
"sub-36",2,2,"spatial",1.15913333333333,4.37309944946723,90.2416666666667,"Male","Control"
"sub-36",3,1,"spatial",1.34652666666667,3.38080604722423,90.2,"Male","Control"
"sub-36",3,2,"spatial",1.42488,3.12064638883217,88.2166666666667,"Male","Control"
"sub-36",4,1,"spatial",1.19676333333333,3.82073637919591,90.225,"Male","Control"
"sub-36",4,2,"spatial",1.62134333333333,3.1281691848839,89.2,"Male","Control"
"sub-37",1,1,"spatial",0.962816666666667,3.82073637919591,90.225,"Male","Control"
"sub-37",1,2,"spatial",1.35446333333333,2.456840359026,87.1833333333333,"Male","Control"
"sub-37",2,1,"spatial",0.978263333333333,3.56809951685558,89.225,"Male","Control"
"sub-37",2,2,"spatial",1.13745333333333,2.73778806307703,88.1916666666667,"Male","Control"
"sub-37",3,1,"spatial",0.741666666666667,4.41459318549596,89.25,"Male","Control"
"sub-37",3,2,"spatial",1.15888333333333,3.56809951685558,89.225,"Male","Control"
"sub-37",4,1,"spatial",0.81271,4.37309944946723,90.2416666666667,"Male","Control"
"sub-37",4,2,"spatial",1.11834,2.80133620191762,87.2083333333333,"Male","Control"
"sub-39",1,1,"spatial",1.14171666666667,2.80133620191762,87.2083333333333,"Male","Experimental"
"sub-39",1,2,"spatial",1.44,1.63517212934483,78.175,"Male","Experimental"
"sub-39",2,1,"spatial",1.01297333333333,3.38080604722423,90.2,"Male","Experimental"
"sub-39",2,2,"spatial",0.9676,3.6499564302881,90.2166666666667,"Male","Experimental"
"sub-39",3,1,"spatial",0.865093333333333,3.82073637919591,90.225,"Male","Experimental"
"sub-39",3,2,"spatial",0.94606,3.50660637975301,90.2083333333333,"Male","Experimental"
"sub-39",4,1,"spatial",0.97506,3.6499564302881,90.2166666666667,"Male","Experimental"
"sub-39",4,2,"spatial",0.888586666666667,3.6499564302881,90.2166666666667,"Male","Experimental"
"sub-41",1,1,"spatial",1.07228,3.33500058185994,87.2333333333333,"Male","Control"
"sub-41",1,2,"spatial",1.11382666666667,2.66870973295396,86.2083333333333,"Male","Control"
"sub-41",2,1,"spatial",1.21679333333333,3.1621105368614,90.1833333333333,"Male","Control"
"sub-41",2,2,"spatial",1.33552666666667,2.63280049540547,88.1833333333333,"Male","Control"
"sub-41",3,1,"spatial",1.46377,2.04198299394006,86.1583333333333,"Male","Control"
"sub-41",3,2,"spatial",1.40757333333333,2.63280049540547,88.1833333333333,"Male","Control"
"sub-41",4,1,"spatial",1.09536333333333,2.73778806307703,88.1916666666667,"Male","Control"
"sub-41",4,2,"spatial",1.33216,2.67553586938883,87.2,"Male","Control"
"sub-42",1,1,"spatial",1.00031666666667,3.82073637919591,90.225,"Female","Control"
"sub-42",1,2,"spatial",1.17660333333333,2.38760063537267,83.2083333333333,"Female","Control"
"sub-42",2,1,"spatial",0.901136666666667,4.37309944946723,90.2416666666667,"Female","Control"
"sub-42",2,2,"spatial",0.95578,3.51096071823941,88.2333333333333,"Female","Control"
"sub-42",3,1,"spatial",1.10934333333333,3.26709810453296,90.1916666666667,"Female","Control"
"sub-42",3,2,"spatial",1.21078666666667,2.73778806307703,88.1916666666667,"Female","Control"
"sub-42",4,1,"spatial",0.882196666666667,4.6672300478363,90.25,"Female","Control"
"sub-42",4,2,"spatial",1.11104,3.39731956794777,89.2166666666667,"Female","Control"
"sub-43",1,1,"spatial",0.996,3.25396951741268,89.2083333333333,"Female","Control"
"sub-43",1,2,"spatial",1.22302333333333,2.04310479248106,83.1833333333333,"Female","Control"
"sub-43",2,1,"spatial",1.17519,3.38080604722423,90.2,"Female","Control"
"sub-43",2,2,"spatial",1.27816,2.63280049540547,88.1833333333333,"Female","Control"
"sub-43",3,1,"spatial",1.07376333333333,3.6499564302881,90.2166666666667,"Female","Control"
"sub-43",3,2,"spatial",1.19959,2.67553586938883,87.2,"Female","Control"
"sub-43",4,1,"spatial",1.27843333333333,3.50660637975301,90.2083333333333,"Female","Control"
"sub-43",4,2,"spatial",1.15028,3.1281691848839,89.2,"Female","Control"
"sub-44",1,1,"spatial",1.02236,3.25396951741268,89.2083333333333,"Female","Experimental"
"sub-44",1,2,"spatial",1.29072,1.94457958197901,83.175,"Female","Experimental"
"sub-44",2,1,"spatial",0.909783333333333,3.25396951741268,89.2083333333333,"Female","Experimental"
"sub-44",2,2,"spatial",0.873813333333333,3.25396951741268,89.2083333333333,"Female","Experimental"
"sub-44",3,1,"spatial",1.26243333333333,3.38080604722423,90.2,"Female","Experimental"
"sub-44",3,2,"spatial",0.81882,4.04027075969534,90.2333333333333,"Female","Experimental"
"sub-44",4,1,"spatial",1.12769,2.90947367452107,89.1833333333333,"Female","Experimental"
"sub-44",4,2,"spatial",0.922673333333333,3.50660637975301,90.2083333333333,"Female","Experimental"
"sub-45",1,1,"spatial",1.22328333333333,3.6499564302881,90.2166666666667,"Female","Experimental"
"sub-45",1,2,"spatial",1.47021666666667,2.73778806307703,88.1916666666667,"Female","Experimental"
"sub-45",2,1,"spatial",0.894356666666667,3.6499564302881,90.2166666666667,"Female","Experimental"
"sub-45",2,2,"spatial",0.85225,3.82073637919591,90.225,"Female","Experimental"
"sub-45",3,1,"spatial",0.929113333333333,3.25396951741268,89.2083333333333,"Female","Experimental"
"sub-45",3,2,"spatial",0.838803333333333,3.82073637919591,90.225,"Female","Experimental"
"sub-45",4,1,"spatial",0.88433,3.6499564302881,90.2166666666667,"Female","Experimental"
"sub-45",4,2,"spatial",0.679863333333333,4.1204625871269,89.2416666666667,"Female","Experimental"
"sub-46",1,1,"spatial",1.51919,3.1281691848839,89.2,"Male","Control"
"sub-46",1,2,"spatial",1.53226333333333,2.32421389006235,86.1833333333333,"Male","Control"
"sub-46",2,1,"spatial",1.32756333333333,3.25396951741268,89.2083333333333,"Male","Control"
"sub-46",2,2,"spatial",1.48013666666667,2.13201546614772,86.1666666666667,"Male","Control"
"sub-46",3,1,"spatial",1.36340666666667,2.67553586938883,87.2,"Male","Control"
"sub-46",3,2,"spatial",1.34863333333333,3.50660637975301,90.2083333333333,"Male","Control"
"sub-46",4,1,"spatial",1.38885666666667,3.78763389735501,89.2333333333333,"Male","Control"
"sub-46",4,2,"spatial",1.35331666666667,2.4292014577339,86.1916666666667,"Male","Control"
"sub-47",1,1,"spatial",1.07747666666667,3.82073637919591,90.225,"Male","Experimental"
"sub-47",1,2,"spatial",1.32448,2.73778806307703,88.1916666666667,"Male","Experimental"
"sub-47",2,1,"spatial",1.08077,3.26709810453296,90.1916666666667,"Male","Experimental"
"sub-47",2,2,"spatial",1.01292,3.6499564302881,90.2166666666667,"Male","Experimental"
"sub-47",3,1,"spatial",1.09552666666667,3.1281691848839,89.2,"Male","Experimental"
"sub-47",3,2,"spatial",1.18722666666667,3.1621105368614,90.1833333333333,"Male","Experimental"
"sub-47",4,1,"spatial",1.16515333333333,3.26709810453296,90.1916666666667,"Male","Experimental"
"sub-47",4,2,"spatial",1.08814333333333,3.1281691848839,89.2,"Male","Experimental"
"sub-48",1,1,"spatial",0.868136666666667,4.37309944946723,90.2416666666667,"Female","Experimental"
"sub-48",1,2,"spatial",1.17049,2.9446862524527,87.2166666666667,"Female","Experimental"
"sub-48",2,1,"spatial",0.854066666666667,3.8437894080113,88.2416666666667,"Female","Experimental"
"sub-48",2,2,"spatial",0.99121,3.33500058185994,87.2333333333333,"Female","Experimental"
"sub-48",3,1,"spatial",1.01727333333333,2.9446862524527,87.2166666666667,"Female","Experimental"
"sub-48",3,2,"spatial",0.985803333333333,3.56809951685558,89.225,"Female","Experimental"
"sub-48",4,1,"spatial",1.00628333333333,3.29142633773999,88.225,"Female","Experimental"
"sub-48",4,2,"spatial",1.10932,2.9446862524527,87.2166666666667,"Female","Experimental"
"sub-50",1,1,"spatial",1.26005333333333,3.50660637975301,90.2083333333333,"Male","Control"
"sub-50",1,2,"spatial",1.38127333333333,2.54290940042517,86.2,"Male","Control"
"sub-50",2,1,"spatial",1.31926666666667,2.90947367452107,89.1833333333333,"Male","Control"
"sub-50",2,2,"spatial",1.41662333333333,2.44060207149084,88.1666666666667,"Male","Control"
"sub-50",3,1,"spatial",1.31776666666667,3.25396951741268,89.2083333333333,"Male","Control"
"sub-50",3,2,"spatial",1.19805,3.12064638883217,88.2166666666667,"Male","Control"
"sub-50",4,1,"spatial",1.17253333333333,3.82073637919591,90.225,"Male","Control"
"sub-50",4,2,"spatial",1.14666666666667,2.73778806307703,88.1916666666667,"Male","Control"
"sub-51",1,1,"spatial",1.59269,3.01446124219263,89.1916666666667,"Male","Experimental"
"sub-51",1,2,"spatial",1.57175666666667,1.97055460078497,82.1833333333333,"Male","Experimental"
"sub-51",2,1,"spatial",1.46221666666667,3.39731956794777,89.2166666666667,"Male","Experimental"
"sub-51",2,2,"spatial",1.34381,3.1281691848839,89.2,"Male","Experimental"
"sub-51",3,1,"spatial",1.29186666666667,3.6499564302881,90.2166666666667,"Male","Experimental"
"sub-51",3,2,"spatial",1.55036666666667,2.35831514852396,87.175,"Male","Experimental"
"sub-51",4,1,"spatial",1.37441666666667,3.39731956794777,89.2166666666667,"Male","Experimental"
"sub-51",4,2,"spatial",1.39853333333333,2.8514960057683,88.2,"Male","Experimental"
"sub-52",1,1,"spatial",1.29568666666667,2.3211321089047,85.1916666666667,"Male","Experimental"
"sub-52",1,2,"spatial",1.58356666666667,1.59321881802305,85.125,"Male","Experimental"
"sub-52",2,1,"spatial",1.54009,2.32421389006235,86.1833333333333,"Male","Experimental"
"sub-52",2,2,"spatial",1.45262333333333,1.74504086155539,80.175,"Male","Experimental"
"sub-52",3,1,"spatial",1.31386666666667,1.73369733984687,78.1833333333333,"Male","Experimental"
"sub-52",3,2,"spatial",1.48363666666667,1.76087389635876,83.1583333333333,"Male","Experimental"
"sub-52",4,1,"spatial",1.37784666666667,2.56182792669756,87.1916666666667,"Male","Experimental"
"sub-52",4,2,"spatial",1.40185333333333,2.43484005159597,85.2,"Male","Experimental"
"sub-53",1,1,"spatial",1.32239666666667,3.25396951741268,89.2083333333333,"Male","Control"
"sub-53",1,2,"spatial",1.80174333333333,1.58807307405907,83.1416666666667,"Male","Control"
"sub-53",2,1,"spatial",1.53044666666667,2.8514960057683,88.2,"Male","Control"
"sub-53",2,2,"spatial",1.78455333333333,2.08726173895171,87.15,"Male","Control"
"sub-53",3,1,"spatial",1.57142666666667,2.71727525060644,89.1666666666667,"Male","Control"
"sub-53",3,2,"spatial",1.80688666666667,1.91756636972304,87.1333333333333,"Male","Control"
"sub-53",4,1,"spatial",1.34292333333333,2.8514960057683,88.2,"Male","Control"
"sub-53",4,2,"spatial",1.71826666666667,2.81094846401902,89.175,"Male","Control"
"sub-54",1,1,"spatial",1.27854333333333,2.8514960057683,88.2,"Female","Experimental"
"sub-54",1,2,"spatial",1.59373666666667,2.37019968521811,89.1333333333333,"Female","Experimental"
"sub-54",2,1,"spatial",0.90944,4.41459318549596,89.25,"Female","Experimental"
"sub-54",2,2,"spatial",1.40259666666667,3.38080604722423,90.2,"Female","Experimental"
"sub-54",3,1,"spatial",1.28017333333333,3.56809951685558,89.225,"Female","Experimental"
"sub-54",3,2,"spatial",1.23770333333333,2.8514960057683,88.2,"Female","Experimental"
"sub-54",4,1,"spatial",1.01212,4.37309944946723,90.2416666666667,"Female","Experimental"
"sub-54",4,2,"spatial",1.24452333333333,3.39731956794777,89.2166666666667,"Female","Experimental"
"sub-55",1,1,"spatial",0.918236666666667,3.78763389735501,89.2333333333333,"Male","Control"
"sub-55",1,2,"spatial",1.26543666666667,3.12064638883217,88.2166666666667,"Male","Control"
"sub-55",2,1,"spatial",0.900136666666667,4.04027075969534,90.2333333333333,"Male","Control"
"sub-55",2,2,"spatial",1.15061,3.56809951685558,89.225,"Male","Control"
"sub-55",3,1,"spatial",1.02299333333333,4.04027075969534,90.2333333333333,"Male","Control"
"sub-55",3,2,"spatial",1.24615666666667,2.97729633829709,88.2083333333333,"Male","Control"
"sub-55",4,1,"spatial",1.28644666666667,3.38080604722423,90.2,"Male","Control"
"sub-55",4,2,"spatial",1.32956,2.67553586938883,87.2,"Male","Control"
"sub-56",1,1,"spatial",1.27912,3.38080604722423,90.2,"Female","Experimental"
"sub-56",1,2,"spatial",1.38440666666667,2.00946485642624,81.1916666666667,"Female","Experimental"
"sub-56",2,1,"spatial",1.32939333333333,2.35056959928318,88.1583333333333,"Female","Experimental"
"sub-56",2,2,"spatial",1.19284666666667,2.456840359026,87.1833333333333,"Female","Experimental"
"sub-56",3,1,"spatial",1.26456,2.63280049540547,88.1833333333333,"Female","Experimental"
"sub-56",3,2,"spatial",1.21645,2.81094846401902,89.175,"Female","Experimental"
"sub-56",4,1,"spatial",1.37905666666667,2.90947367452107,89.1833333333333,"Female","Experimental"
"sub-56",4,2,"spatial",1.06987333333333,3.12064638883217,88.2166666666667,"Female","Experimental"
