sub,session,1,2,3,4,5,6,7,8,9,10,11,12,13,14,15,16,17,18,19,20
LB005,1,1,2,2,2,2,2,2,2,1,2,2,2,3,3,3,2,2,2,2,2
LB005,2,1,2,2,3,2,2,2,3,2,3,2,3,2,2,3,3,3,2,2,2
LB005,3,1,2,3,3,3,3,2,1,2,3,2,3,3,3,3,2,3,3,3,3
LB005,4,1,2,2,2,2,3,4,3,2,2,3,3,3,2,1,2,3,3,4,3
LB005,5,1,2,2,3,3,3,2,2,3,3,3,3,3,3,3,3,4,4,3,3
LB005,6,1,2,2,2,3,4,4,4,3,4,4,4,3,3,3,3,4,3,3,3
LB005,7,1,2,3,3,2,2,2,2,2,3,2,2,2,3,3,3,2,1,1,1
LB005,8,1,2,3,3,3,3,2,3,4,4,4,4,4,3,3,3,3,3,3,3
LB005,9,1,2,3,4,3,3,4,4,4,3,4,3,2,3,4,4,3,2,2,3
LB005,10,1,2,3,3,3,4,3,2,3,3,2,3,3,3,3,3,3,3,3,3
LB005,11,1,2,2,3,3,3,3,3,4,4,5,5,5,5,5,4,4,4,4,3
LB005,12,1,2,3,4,4,4,5,5,5,5,5,4,3,3,3,3,3,3,3,3
LB005,13,1,2,3,4,4,4,5,6,6,5,5,5,5,4,5,4,3,3,4,5
LB005,14,1,2,3,3,3,3,2,3,4,4,4,3,3,3,3,3,4,4,4,4
LB005,15,1,2,3,4,3,3,3,4,4,4,4,4,4,3,3,4,5,5,5,5
LB005,16,1,2,3,4,4,4,4,4,4,4,3,3,3,3,3,2,2,2,3,3
LB005,17,1,2,3,3,3,3,4,5,5,5,4,3,4,5,4,3,3,3,3,4
LB005,18,1,2,3,3,3,3,4,4,3,3,3,4,4,4,4,5,5,5,4,4
LB006,1,1,2,2,2,3,2,2,3,2,2,2,3,2,2,2,2,2,2,2,2
LB006,2,1,2,2,2,2,2,2,3,3,4,4,3,2,3,2,3,3,3,3,3
LB006,3,1,2,3,3,3,3,3,3,3,4,3,3,3,3,3,3,3,3,3,3
LB006,4,1,2,3,3,3,3,3,4,4,4,4,4,4,4,4,4,4,4,4,3
LB006,5,1,2,3,3,3,4,3,3,3,3,4,4,4,4,4,4,3,4,4,4
LB006,6,1,2,3,3,3,3,3,4,4,4,3,3,4,4,4,4,5,5,4,4
LB006,7,1,2,3,4,4,4,3,3,3,4,3,3,4,4,4,4,4,4,4,3
LB006,8,1,2,3,4,3,4,4,3,3,2,2,3,3,3,4,4,3,3,3,4
LB006,9,1,2,3,3,3,4,5,4,4,4,3,2,3,2,3,4,4,4,4,4
LB006,10,1,2,2,3,3,3,3,3,4,5,4,4,4,5,4,4,5,5,4,4
LB006,11,1,2,3,3,3,3,4,4,3,4,4,4,5,6,6,5,4,4,4,5
LB006,12,1,2,3,3,4,4,4,4,4,4,4,3,3,3,4,4,4,4,4,4
LB006,13,1,2,3,3,4,4,3,3,4,4,5,4,4,4,4,3,4,5,5,5
LB006,14,1,2,3,4,4,3,3,4,5,4,4,5,5,5,5,5,5,6,6,6
LB006,15,1,2,2,3,4,5,5,6,6,5,6,5,4,3,3,4,4,5,5,5
LB006,16,1,2,3,3,3,4,5,5,5,5,6,6,6,7,6,6,5,5,5,5
LB006,17,1,2,3,4,3,4,4,4,5,6,7,7,7,6,6,6,6,6,5,4
LB006,18,1,2,3,3,3,3,4,4,4,4,4,4,4,4,4,4,4,5,5,5
LB011,1,1,2,2,2,3,2,1,2,2,1,2,1,2,3,2,2,3,2,3,2
LB011,2,1,2,1,1,2,2,3,2,2,3,2,1,2,1,2,2,2,2,2,2
LB011,3,1,2,2,2,3,2,3,2,3,2,2,3,2,3,2,3,2,3,3,3
LB011,4,1,2,2,2,3,2,3,2,3,3,2,3,3,2,3,2,3,2,3,3
LB011,5,1,2,3,3,3,2,3,3,4,3,2,3,2,3,4,3,3,3,3,3
LB011,6,1,2,3,3,3,4,4,3,4,3,2,2,3,2,3,3,3,3,2,1
LB011,7,1,2,3,3,3,3,2,3,3,4,4,3,4,3,3,3,3,3,3,3
LB011,8,1,2,3,3,3,3,2,3,2,3,3,3,2,2,2,2,3,4,4,4
LB011,9,1,2,3,4,3,4,4,5,4,4,4,4,3,3,4,5,4,4,3,2
LB011,10,1,2,3,4,5,4,4,3,4,4,4,4,4,3,4,3,4,3,4,4
LB011,11,1,2,3,3,4,3,2,3,3,4,4,3,3,4,4,4,4,3,3,3
LB011,12,1,2,3,4,4,4,3,4,4,3,4,4,3,3,3,4,4,3,4,5
LB011,13,1,2,3,4,4,4,3,3,4,4,4,4,4,4,5,4,4,3,2,2
LB011,14,1,2,3,4,4,4,4,4,4,4,5,4,4,4,4,5,4,3,4,4
LB011,15,1,2,3,4,3,4,4,4,5,5,4,3,4,3,4,4,4,3,4,4
LB011,16,1,2,3,4,4,4,4,3,4,5,5,4,4,4,4,4,5,5,5,4
LB011,17,1,2,3,4,5,5,5,5,4,4,3,4,4,4,3,4,4,4,3,4
LB011,18,1,2,3,4,5,4,4,3,4,4,4,4,5,5,4,4,4,5,4,3
LB014,1,1,2,2,3,2,1,2,2,2,2,3,2,3,2,2,2,2,2,3,2
LB014,2,1,2,2,2,2,2,2,2,1,2,2,2,2,2,2,2,2,3,2,2
LB014,3,1,2,2,2,1,2,1,2,2,3,2,2,2,2,2,3,2,1,2,2
LB014,4,1,2,2,3,2,3,2,3,2,3,2,2,3,3,2,3,2,2,2,3
LB014,5,1,2,3,2,3,3,2,2,3,2,3,2,2,3,2,2,2,2,3,3
LB014,6,1,2,3,2,3,3,2,2,3,2,3,2,3,2,3,2,3,3,3,2
LB014,7,1,2,3,2,3,3,2,1,2,3,3,3,2,3,2,2,2,2,3,2
LB014,8,1,2,3,2,3,2,3,2,3,2,3,2,3,3,3,2,3,4,3,2
LB014,9,1,2,3,3,2,3,4,3,2,1,2,3,3,3,3,2,3,3,3,2
LB014,10,1,2,3,3,2,3,3,4,3,3,4,3,3,3,3,2,2,3,2,2
LB014,11,1,2,3,3,2,3,2,3,2,3,2,3,3,3,2,3,3,4,3,3
LB014,12,1,2,2,3,3,2,2,3,3,2,3,3,3,2,3,2,3,2,2,3
LB014,13,1,2,3,3,4,3,3,3,3,3,4,3,3,3,3,2,3,3,3,3
LB014,14,1,2,3,3,3,3,2,2,2,3,2,3,3,3,2,2,3,4,4,3
LB014,15,1,2,2,3,3,4,3,2,3,2,3,3,3,3,2,3,4,3,3,2
LB014,16,1,2,3,4,3,3,2,2,3,3,3,4,3,3,2,3,3,3,3,3
LB014,17,1,2,3,3,3,4,3,3,3,4,3,4,3,3,3,4,3,2,3,4
LB014,18,1,2,3,3,2,3,3,3,3,3,3,3,3,3,2,3,4,3,2,3
LB016,1,1,2,1,2,2,2,2,2,2,2,2,2,2,3,2,1,2,2,1,2
LB016,2,1,2,2,3,2,2,2,1,2,3,2,3,2,2,2,2,2,2,2,2
LB016,3,1,2,2,2,2,2,3,2,2,1,2,2,3,2,3,2,2,2,3,3
LB016,4,1,2,3,2,3,2,2,1,2,2,3,3,2,3,3,2,3,2,3,2
LB016,5,1,2,2,3,2,1,2,3,2,3,3,3,2,2,2,3,2,2,2,2
LB016,6,1,2,2,3,2,3,2,2,3,3,2,3,2,3,3,2,3,3,2,2
LB016,7,1,1,2,2,3,3,2,3,3,2,3,3,2,2,2,3,2,3,2,3
LB016,8,1,1,2,3,2,3,2,2,3,2,2,3,3,2,2,3,2,1,2,2
LB016,9,1,2,3,2,2,3,3,2,3,2,3,2,3,2,2,3,3,2,3,2
LB016,10,1,2,3,2,3,2,3,3,3,3,2,3,3,2,3,2,3,3,2,2
LB016,11,1,2,2,2,3,3,2,3,2,2,3,3,2,3,3,3,3,2,3,3
LB016,12,1,2,3,4,3,3,2,3,2,3,3,3,2,3,2,3,3,3,2,2
LB016,13,1,2,3,2,3,2,2,3,3,3,4,3,2,3,3,2,2,3,3,3
LB016,14,1,2,2,1,2,3,3,3,2,3,3,3,3,4,3,3,3,3,3,2
LB016,15,1,2,3,3,3,3,3,4,4,3,2,3,4,3,2,3,2,3,3,4
LB016,16,1,2,3,3,3,2,3,3,3,4,4,3,2,2,3,4,3,3,3,3
LB016,17,1,2,3,4,3,2,3,3,4,4,3,4,4,3,3,2,3,3,3,3
LB016,18,1,2,3,4,3,3,3,3,2,3,3,4,3,3,3,3,2,3,4,3
LB018,1,1,2,2,3,2,2,1,2,2,2,2,2,3,2,3,2,2,2,2,2
LB018,2,1,2,3,3,2,3,2,2,2,3,4,3,2,2,3,2,3,3,2,3
LB018,3,1,2,3,3,2,3,3,2,3,3,2,3,2,3,3,4,3,2,3,2
LB018,4,1,2,3,3,3,3,3,2,3,2,3,3,2,3,3,2,3,2,3,3
LB018,5,1,2,3,2,3,2,3,2,3,2,3,2,3,3,2,2,3,2,3,2
LB018,6,1,2,3,2,3,2,3,2,3,2,3,3,3,2,3,3,3,4,3,2
LB018,7,1,2,3,3,3,3,3,2,3,2,3,4,3,4,3,3,3,3,4,3
LB018,8,1,2,3,3,2,3,2,3,2,2,2,1,2,3,3,4,5,4,4,3
LB018,9,1,2,3,4,3,4,3,2,3,2,3,2,3,3,3,2,3,2,3,3
LB018,10,1,2,3,3,3,3,3,3,4,3,3,2,3,3,3,2,3,3,3,3
LB018,11,1,2,3,3,3,4,3,3,3,3,2,3,3,3,4,3,4,4,3,3
LB018,12,1,2,3,2,1,2,3,4,4,3,4,4,5,5,5,6,5,5,5,5
LB018,13,1,2,3,3,3,3,2,3,3,3,3,3,4,3,3,4,3,4,3,2
LB018,14,1,2,3,4,4,4,4,4,4,4,4,4,4,5,4,4,5,5,4,4
LB018,15,1,2,3,3,3,2,3,2,3,4,4,5,4,4,5,5,5,5,4,4
LB018,16,1,1,2,3,3,4,3,3,4,4,4,4,5,5,5,6,6,7,6,5
LB018,17,1,2,3,4,5,5,5,5,6,6,5,4,4,4,3,2,3,4,5,5
LB018,18,1,2,3,4,4,3,2,3,3,3,3,3,4,3,2,3,4,3,3,3
LB019,1,1,1,2,3,2,1,1,2,2,1,1,2,2,2,2,2,2,2,1,2
LB019,2,1,2,2,2,1,2,1,2,2,2,1,1,1,1,2,2,2,2,2,1
LB019,3,1,1,2,3,2,2,2,2,2,2,2,1,2,2,2,2,2,1,2,2
LB019,4,1,2,1,2,2,2,1,2,2,2,1,2,1,2,1,2,2,2,1,2
LB019,5,1,2,1,2,2,1,2,3,2,1,1,2,1,1,1,2,1,2,2,2
LB019,6,1,2,2,2,2,2,3,2,2,2,2,2,3,2,2,2,1,1,1,2
LB019,7,1,2,3,2,2,2,2,2,2,2,2,2,2,3,2,2,1,1,2,2
LB019,8,1,2,2,3,2,2,2,2,2,2,2,2,2,2,3,2,3,2,3,2
LB019,9,1,2,2,1,2,2,2,2,1,2,2,2,2,1,2,3,2,2,2,1
LB019,10,1,2,2,3,2,3,2,3,2,3,3,2,2,2,2,1,1,1,1,2
LB019,11,1,2,3,2,2,3,3,2,2,3,2,2,2,2,3,2,2,3,2,3
LB019,12,1,1,1,2,3,3,2,2,3,2,2,2,2,1,1,1,1,1,1,1
LB019,13,1,2,2,2,2,2,2,2,2,1,1,1,1,1,2,2,2,2,1,2
LB019,14,1,2,2,2,2,2,3,2,2,1,2,2,3,2,2,1,1,2,2,3
LB019,15,1,2,2,3,2,2,2,1,2,2,2,2,2,2,2,1,1,2,2,2
LB019,16,1,2,2,2,2,1,2,2,2,1,2,2,1,2,2,2,2,2,2,3
LB019,17,1,2,2,3,2,2,1,1,1,1,1,1,1,1,2,1,2,1,1,2
LB019,18,1,1,2,2,2,2,2,1,1,1,1,2,2,2,2,1,1,1,1,1
LB021,1,1,1,2,2,2,3,2,3,2,2,3,2,3,2,2,3,2,3,2,3
LB021,2,1,2,2,3,2,2,2,2,2,1,2,2,2,2,2,2,3,2,3,2
LB021,3,1,2,3,3,2,1,1,2,3,2,3,2,3,2,2,1,2,2,3,3
LB021,4,1,2,3,3,3,2,3,2,1,2,3,3,3,2,3,2,3,2,2,3
LB021,5,1,2,3,2,3,2,2,3,3,2,2,2,3,2,2,3,2,3,2,3
LB021,6,1,2,2,3,3,3,3,3,2,3,2,3,3,3,3,2,2,2,3,3
LB021,7,1,2,2,3,3,4,4,3,2,1,2,3,2,2,3,3,3,3,3,2
LB021,8,1,2,3,2,3,3,2,3,3,3,2,3,3,2,3,3,3,2,3,3
LB021,9,1,2,3,2,3,2,2,3,3,2,3,2,2,3,3,3,3,4,4,3
LB021,10,1,2,3,3,4,3,3,3,3,2,2,3,2,3,2,3,3,3,3,2
LB021,11,1,2,3,3,3,3,3,3,3,3,2,3,2,3,3,3,3,4,3,2
LB021,12,1,2,3,2,3,3,2,3,3,3,3,2,2,3,3,3,2,3,3,4
LB021,13,1,2,3,4,4,3,3,3,3,3,3,3,3,4,3,3,3,4,3,3
LB021,14,1,2,3,3,3,2,2,3,4,3,3,3,3,3,3,3,2,3,4,3
LB021,15,1,2,3,3,3,4,3,3,3,3,4,3,3,3,4,4,4,3,4,4
LB021,16,1,2,3,3,3,3,3,3,3,2,3,2,3,3,2,2,3,2,2,3
LB021,17,1,2,3,3,2,3,3,2,3,3,2,3,2,3,2,2,3,3,4,3
LB021,18,1,1,2,3,3,4,3,4,3,3,4,3,3,4,3,3,2,3,3,3
LB023,1,1,2,2,2,2,2,2,2,2,2,2,2,2,2,2,1,2,2,3,2
LB023,2,1,2,2,2,3,2,2,2,2,2,3,2,2,2,2,2,2,2,1,2
LB023,3,1,2,2,2,3,2,2,2,2,2,3,2,2,2,2,2,2,2,1,2
LB023,4,1,2,3,2,3,3,3,2,1,2,2,2,3,3,2,3,2,3,2,3
LB023,5,1,2,3,3,2,3,2,3,2,3,2,2,2,2,3,2,3,3,2,2
LB023,6,1,2,3,2,3,2,2,3,2,3,2,3,2,2,3,2,3,3,4,3
LB023,7,1,2,3,2,2,3,3,2,3,2,3,2,3,3,2,3,3,3,2,3
LB023,8,1,2,3,3,3,3,3,3,3,3,3,2,3,3,3,2,3,2,3,3
LB023,9,1,2,3,3,3,3,3,2,3,3,2,3,3,2,3,3,2,2,3,2
LB023,10,1,2,3,4,3,3,2,3,3,3,2,3,2,2,1,2,3,3,3,2
LB023,11,1,2,3,3,3,3,3,3,2,3,3,2,3,3,2,3,2,2,3,2
LB023,12,1,2,3,2,3,4,3,3,3,3,3,3,2,2,3,2,3,2,3,3
LB023,13,1,2,3,4,4,3,3,3,4,4,4,3,3,4,3,3,3,2,3,3
LB023,14,1,2,3,3,3,3,3,3,2,3,4,4,4,4,5,5,5,5,5,5
LB023,15,1,2,3,4,4,4,4,4,4,3,3,3,3,3,3,3,4,5,4,4
LB023,16,1,2,3,3,4,4,4,4,4,4,4,4,4,4,4,4,4,5,4,3
LB023,17,1,2,3,3,3,4,5,4,4,3,3,4,5,5,5,5,4,3,3,3
LB023,18,1,2,3,3,4,4,4,5,5,4,5,4,4,4,5,5,5,4,4,4
LB024,1,1,2,2,3,2,3,3,2,2,2,2,2,2,3,3,3,2,3,2,2
LB024,2,1,2,3,3,3,2,2,2,2,3,3,3,3,2,3,2,3,3,2,3
LB024,3,1,2,3,3,3,2,3,2,3,3,3,3,3,3,3,3,3,4,3,4
LB024,4,1,2,3,3,4,4,3,3,4,3,4,3,2,3,3,3,4,3,4,3
LB024,5,1,2,3,4,4,5,4,4,3,3,4,4,3,2,3,4,4,4,3,3
LB024,6,1,2,2,3,4,4,3,3,3,4,4,4,4,4,4,4,4,4,4,5
LB024,7,1,2,3,4,3,2,2,2,3,3,4,4,4,3,4,4,4,4,4,4
LB024,8,1,2,3,4,4,5,4,3,3,3,4,4,4,4,3,4,4,4,3,4
LB024,9,1,2,3,4,4,4,5,4,5,4,3,4,4,4,4,4,3,4,4,4
LB024,10,1,2,3,4,3,3,4,3,4,4,5,4,5,5,5,5,4,5,5,4
LB024,11,1,2,2,3,4,3,4,4,3,4,5,5,5,4,4,5,5,4,4,4
LB024,12,1,2,3,4,4,4,4,4,4,4,5,4,4,4,5,5,5,4,5,5
LB024,13,1,2,3,4,4,4,4,4,5,6,5,4,5,4,5,5,5,6,6,6
LB024,14,1,2,3,4,5,5,5,4,5,5,5,4,5,4,4,5,4,5,5,5
LB024,15,1,2,3,4,5,5,5,4,4,5,5,6,6,5,6,5,4,5,5,5
LB024,16,1,2,3,4,4,5,5,4,5,5,5,5,5,5,5,5,5,5,5,5
LB024,17,1,2,3,4,4,5,5,5,4,4,5,5,4,5,5,6,6,4,4,4
LB024,18,1,2,3,4,4,5,5,6,6,6,6,6,5,5,5,5,5,5,5,5
LB027,1,1,1,2,1,2,1,2,1,2,1,2,1,2,2,1,2,1,2,1,2
LB027,2,1,2,2,2,2,2,2,1,2,2,2,2,2,2,2,1,2,2,2,3
LB027,3,1,2,2,2,2,2,2,2,3,2,2,2,1,2,2,3,2,1,2,1
LB027,4,1,2,1,2,2,3,2,1,2,2,2,2,3,2,1,2,2,2,1,2
LB027,5,1,2,2,3,2,1,2,3,2,2,2,2,1,2,2,2,2,2,3,2
LB027,6,1,2,3,3,2,3,2,3,2,2,3,2,2,3,2,3,3,3,2,3
LB027,7,1,2,2,3,2,3,2,1,2,3,2,2,2,2,3,2,1,1,1,1
LB027,8,1,2,2,3,2,2,2,3,2,2,3,2,3,2,2,2,3,2,1,2
LB027,9,1,2,3,2,2,3,2,2,1,2,3,2,2,2,2,1,2,2,2,3
LB027,10,1,2,3,2,2,3,3,3,2,3,2,1,2,3,2,2,2,2,2,3
LB027,11,1,2,2,2,2,2,3,2,2,3,2,3,2,2,2,2,2,2,3,2
LB027,12,1,2,3,3,2,2,2,2,2,2,3,2,2,2,3,2,2,3,2,3
LB027,13,1,2,2,3,2,2,3,2,2,2,3,3,2,1,2,2,3,2,2,2
LB027,14,1,2,3,2,3,2,3,2,3,2,2,2,3,2,2,2,3,2,3,2
LB027,15,1,2,3,3,2,3,2,3,3,2,2,2,3,3,2,2,2,3,3,2
LB027,16,1,2,3,4,3,3,3,2,3,3,3,2,2,2,2,3,2,3,2,2
LB027,17,1,2,3,2,3,2,3,2,3,2,2,2,3,2,3,4,3,3,4,3
LB027,18,1,2,3,3,2,3,2,3,3,3,2,3,3,3,2,3,2,3,3,4
LB029,1,1,2,1,2,3,2,3,3,3,3,3,2,2,2,3,3,2,1,1,2
LB029,2,1,2,3,3,2,1,2,3,2,3,2,2,2,3,3,2,3,2,3,3
LB029,3,1,2,3,2,2,2,3,3,3,3,3,3,3,3,4,4,3,2,3,2
LB029,4,1,2,2,2,3,3,2,2,3,3,3,2,2,3,3,3,3,2,1,2
LB029,5,1,2,3,4,4,3,3,2,3,3,2,2,2,3,3,3,3,2,1,2
LB029,6,1,2,3,3,4,4,4,3,3,3,2,3,3,2,3,3,3,2,2,3
LB029,7,1,2,3,2,3,3,3,2,3,2,1,2,3,3,3,3,3,2,3,3
LB029,8,1,2,3,4,4,4,4,3,2,3,3,4,4,3,3,2,3,3,4,3
LB029,9,1,2,3,3,3,2,3,2,3,3,3,4,4,4,5,4,4,4,4,4
LB029,10,1,2,3,3,3,4,4,4,4,3,4,4,3,4,4,3,4,4,3,3
LB029,11,1,2,3,3,4,4,3,4,5,6,6,5,4,4,4,3,4,3,3,3
LB029,12,1,2,3,3,4,3,3,4,3,3,3,4,4,4,5,4,5,5,5,4
LB029,13,1,2,3,4,3,4,3,2,3,4,3,3,3,4,4,3,3,4,3,3
LB029,14,1,2,3,4,5,4,3,4,3,2,1,2,3,4,5,4,3,3,4,3
LB029,15,1,2,3,3,3,3,4,4,3,4,4,3,2,3,3,3,4,4,3,3
LB029,16,1,2,3,4,3,4,3,4,4,5,4,3,4,4,4,4,3,3,4,4
LB029,17,1,2,3,4,3,3,3,3,4,4,4,4,4,4,4,4,5,4,4,3
LB029,18,1,2,3,3,2,2,3,3,2,3,3,3,4,4,3,3,2,3,3,3
LB033,1,1,2,2,2,1,2,3,2,1,2,2,3,2,1,2,2,3,3,3,2
LB033,2,1,2,3,2,2,3,3,2,2,2,3,2,3,2,2,3,3,2,3,3
LB033,3,1,2,2,2,3,3,4,4,3,4,4,4,4,3,3,4,3,3,4,4
LB033,4,1,2,3,3,4,4,4,4,4,3,4,4,3,4,3,4,5,4,3,3
LB033,5,1,2,3,4,4,4,4,5,4,3,3,4,3,4,4,3,4,4,3,3
LB033,6,1,2,3,4,4,3,3,3,4,4,4,5,4,4,3,2,3,4,4,4
LB033,7,1,2,3,4,4,4,3,4,4,4,4,4,5,4,4,3,4,4,3,4
LB033,8,1,2,3,4,3,3,4,4,4,4,4,5,4,4,5,4,4,4,5,4
LB033,9,1,2,3,4,5,4,4,4,3,4,4,5,4,4,4,5,4,5,4,4
LB033,10,1,2,3,4,5,4,4,5,4,5,4,5,4,4,4,3,3,4,4,4
LB033,11,1,2,3,4,4,4,3,4,4,4,4,5,4,4,3,3,3,3,4,4
LB033,12,1,2,3,4,4,5,4,4,5,4,5,4,3,4,5,4,4,4,4,3
LB033,13,1,2,3,3,4,4,4,5,4,5,5,4,4,5,4,4,3,4,5,4
LB033,14,1,2,3,4,4,4,4,5,5,5,4,5,4,4,5,5,4,3,4,4
LB033,15,1,2,3,4,5,4,5,5,4,5,4,4,4,5,5,4,4,4,5,4
LB033,16,1,2,3,4,3,4,5,5,5,4,3,4,5,5,5,4,3,4,3,4
LB033,17,1,2,3,4,4,3,4,4,5,5,5,4,4,4,4,3,4,5,6,5
LB033,18,1,2,3,4,5,4,5,4,5,5,5,4,4,4,5,4,5,4,4,5
LB007,1,1,2,3,2,2,2,2,2,2,2,2,2,3,2,3,3,3,2,3,3
LB007,2,1,2,3,4,3,2,3,3,3,3,3,2,3,4,3,2,2,3,3,2
LB007,3,1,2,3,3,4,3,4,4,4,3,4,3,2,3,3,2,2,3,2,3
LB007,4,1,2,3,2,2,3,2,3,2,2,3,2,3,2,2,2,2,2,3,2
LB007,5,1,2,2,3,2,3,2,2,2,3,2,3,3,2,2,3,2,2,2,3
LB007,6,1,2,3,3,3,3,3,4,3,3,3,4,3,3,2,3,3,3,2,3
LB007,7,1,2,3,2,3,2,2,3,3,3,2,3,3,3,2,3,2,3,3,2
LB007,8,1,2,3,4,4,3,2,3,3,3,3,3,2,3,2,1,2,3,3,2
LB007,9,1,2,3,3,2,1,1,2,2,3,2,3,4,3,3,2,3,2,2,3
LB007,10,1,2,3,4,3,3,3,4,4,3,2,3,3,3,3,3,4,5,4,3
LB007,11,1,2,3,3,4,3,3,3,4,3,4,5,4,3,3,3,4,3,2,3
LB007,12,1,2,3,3,3,3,2,3,2,1,1,2,3,3,2,3,3,3,3,3
LB007,13,1,2,2,3,3,4,4,3,2,3,2,2,2,2,1,2,2,2,3,3
LB007,14,1,2,3,3,2,3,3,2,3,3,3,3,2,3,2,3,3,3,3,2
LB007,15,1,2,3,4,3,3,3,2,3,4,3,3,3,3,3,3,2,3,4,3
LB007,16,1,2,3,2,2,2,3,3,3,2,1,2,2,3,3,3,4,3,3,2
LB007,17,1,1,2,3,2,2,2,2,3,3,4,4,3,2,2,2,2,2,2,2
LB007,18,1,2,3,3,4,4,4,3,2,2,3,3,2,1,2,3,3,3,3,3
LB039,1,1,2,1,1,2,3,2,2,2,3,2,3,3,2,1,2,3,2,2,2
LB039,2,1,2,3,3,2,2,3,2,3,2,2,2,3,2,2,3,2,3,3,3
LB039,3,1,2,3,3,3,2,2,3,3,2,2,3,4,3,3,2,1,2,2,3
LB039,4,1,2,3,3,3,2,2,3,2,3,2,3,2,2,3,3,3,2,3,2
LB039,5,1,2,3,3,2,2,3,2,2,3,2,3,3,3,2,2,2,3,2,3
LB039,6,1,2,3,3,4,4,4,3,3,2,3,3,3,3,3,3,4,4,5,5
LB039,7,1,2,3,4,4,4,4,4,3,4,4,3,2,2,2,3,4,3,2,3
LB039,8,1,2,3,3,3,4,3,4,3,4,3,3,3,4,4,3,2,3,3,2
LB039,9,1,2,3,3,3,4,4,4,4,3,4,3,3,4,3,3,2,3,3,3
LB039,10,1,2,3,4,3,2,3,4,4,4,3,2,3,3,2,3,2,3,4,4
LB039,11,1,2,3,4,3,2,3,4,4,4,3,2,3,3,4,3,2,3,4,4
LB039,12,1,2,3,3,3,3,4,5,5,4,4,4,4,3,4,4,4,4,4,4
LB039,13,1,2,3,4,3,2,3,4,4,4,4,3,4,4,3,3,4,3,3,2
LB039,14,1,2,3,3,3,4,4,4,4,4,3,4,3,4,5,5,4,4,4,4
LB039,15,1,2,3,4,4,4,4,4,4,3,4,4,5,4,4,4,4,3,4,4
LB039,16,1,2,2,3,3,4,4,4,4,3,4,4,4,3,4,4,4,4,4,3
LB039,17,1,2,3,3,4,4,4,4,3,4,4,4,4,4,3,3,4,5,5,4
LB039,18,1,2,3,4,3,4,5,5,4,4,4,4,4,5,4,4,4,4,3,3
LB044,1,1,1,2,2,2,3,3,2,3,3,3,3,2,2,3,2,2,2,2,2
LB044,2,1,2,3,2,3,2,2,3,2,3,3,2,3,2,1,2,2,1,2,3
LB044,3,1,2,2,3,3,3,4,4,4,3,4,3,2,3,3,2,2,3,3,4
LB044,4,1,2,3,3,3,4,4,3,2,1,2,3,3,3,3,3,3,3,3,2
LB044,5,1,2,3,3,4,3,3,4,3,3,3,3,3,3,3,3,2,2,3,2
LB044,6,1,2,3,3,2,2,2,2,2,2,2,3,4,4,4,3,3,3,2,2
LB044,7,1,2,3,3,4,3,2,3,2,3,3,4,4,4,3,3,2,3,3,2
LB044,8,1,2,3,2,3,4,3,3,4,3,4,5,5,4,3,3,3,3,4,4
LB044,9,1,2,3,3,4,3,3,3,2,2,3,4,3,3,3,4,3,2,2,3
LB044,10,1,2,3,3,3,2,3,2,1,2,3,3,4,3,3,3,3,2,2,2
LB044,11,1,2,3,2,3,3,3,3,4,4,4,4,4,4,4,3,4,4,3,3
LB044,12,1,2,3,3,3,3,3,3,3,3,3,3,3,3,3,2,2,2,3,3
LB044,13,1,2,2,3,3,3,4,3,3,4,4,4,3,3,3,4,4,3,4,5
LB044,14,1,2,3,2,2,3,3,3,3,4,4,3,3,4,3,3,4,3,3,3
LB044,15,1,2,3,4,4,5,5,5,4,3,4,5,5,4,4,3,4,3,3,3
LB044,16,1,2,3,4,5,4,4,4,4,3,4,3,3,2,3,4,4,4,3,3
LB044,17,1,2,3,4,4,3,4,4,3,3,4,4,3,3,4,3,4,4,4,4
LB044,18,1,2,3,3,4,4,5,4,4,4,5,6,5,4,4,4,3,4,3,3
LB045,1,1,2,2,2,3,2,2,2,2,3,3,2,3,2,3,2,3,2,2,2
LB045,2,1,2,3,2,3,2,3,2,3,2,3,2,3,2,3,3,3,2,3,2
LB045,3,1,2,3,3,3,2,3,2,3,2,3,2,3,2,3,2,3,3,3,2
LB045,4,1,2,3,3,3,2,2,3,3,2,3,2,3,4,3,2,3,2,3,3
LB045,5,1,2,3,2,2,3,2,3,2,2,3,2,3,3,3,2,3,3,3,3
LB045,6,1,2,3,2,3,3,3,2,2,3,2,3,3,3,3,2,3,2,3,3
LB045,7,1,2,3,3,3,3,3,2,3,2,3,3,3,3,3,3,3,3,2,3
LB045,8,1,2,3,2,3,3,3,3,3,2,3,2,3,3,3,3,3,3,3,3
LB045,9,1,2,3,4,3,4,4,3,2,2,3,3,3,2,3,4,3,3,3,3
LB045,10,1,2,3,3,4,3,4,3,3,4,3,4,3,4,4,3,3,4,3,4
LB045,11,1,2,3,4,3,3,3,4,3,4,3,4,3,4,3,4,4,4,4,4
LB045,12,1,2,3,2,3,3,4,3,4,3,3,3,4,3,3,3,3,4,3,4
LB045,13,1,2,3,4,3,4,4,3,4,3,2,3,4,3,3,4,4,3,4,3
LB045,14,1,2,3,4,4,4,4,3,4,3,4,4,4,3,3,4,4,3,4,4
LB045,15,1,2,3,4,4,4,4,3,4,4,3,4,4,4,4,4,3,4,4,4
LB045,16,1,2,3,4,3,3,3,4,4,5,4,4,4,4,4,4,4,4,4,3
LB045,17,1,2,3,4,4,5,4,4,5,4,4,4,4,3,3,4,3,4,3,4
LB045,18,1,2,3,4,4,5,4,4,5,4,4,4,4,4,4,3,4,5,4,5
LB047,1,1,2,3,3,2,3,3,4,3,4,3,4,4,3,3,4,4,4,4,4
LB047,2,1,2,3,3,3,3,3,3,3,4,3,3,3,3,4,4,4,3,3,4
LB047,3,1,2,2,3,3,3,3,4,4,3,3,3,3,3,3,4,4,3,4,4
LB047,4,1,2,3,3,4,4,4,4,4,3,4,4,3,3,3,4,3,4,5,4
LB047,5,1,2,3,4,4,4,3,2,2,3,4,4,5,5,4,4,3,3,3,3
LB047,6,1,2,3,4,3,3,4,4,3,4,4,5,4,5,5,5,4,4,5,4
LB047,7,1,2,3,4,4,4,4,4,3,4,4,4,4,3,4,4,5,4,4,4
LB047,8,1,2,3,4,4,4,5,4,4,5,5,5,6,5,5,6,6,5,5,5
LB047,9,1,2,3,4,5,5,5,5,5,5,4,5,6,5,5,6,6,6,6,5
LB047,10,1,2,3,4,4,5,5,4,5,4,5,4,5,5,4,5,5,4,4,5
LB047,11,1,2,3,4,4,4,5,5,5,5,4,3,4,4,5,5,5,5,4,5
LB047,12,1,2,3,3,4,5,6,5,6,7,6,5,4,5,4,5,6,6,6,5
LB047,13,1,2,3,4,5,5,4,5,5,5,4,4,5,4,4,5,6,6,6,5
LB047,14,1,2,3,4,5,5,5,5,4,5,5,6,6,6,5,5,4,4,4,4
LB047,15,1,2,3,4,5,5,5,5,4,5,4,5,6,7,6,5,6,6,5,5
LB047,16,1,2,3,4,4,5,5,5,6,5,4,5,5,4,5,6,5,5,6,6
LB047,17,1,2,3,4,5,6,6,6,6,6,6,6,6,6,6,6,6,5,5,5
LB047,18,1,2,3,4,5,5,4,5,6,5,4,5,4,5,5,6,7,6,5,6
LB048,1,1,1,2,2,1,2,2,2,1,2,1,2,2,2,2,2,2,2,2,2
LB048,2,1,2,1,2,2,2,2,1,2,1,1,2,2,2,1,2,1,2,3,2
LB048,3,1,2,2,2,2,2,2,2,2,2,3,3,2,2,2,2,2,2,2,2
LB048,4,1,2,2,2,3,2,2,2,3,2,2,1,2,2,2,2,2,2,3,3
LB048,5,1,2,2,3,3,3,3,3,3,3,3,2,3,2,2,3,3,3,3,2
LB048,6,1,2,3,2,3,2,1,2,3,3,3,3,2,2,2,2,3,3,3,2
LB048,7,1,2,3,3,2,1,2,3,3,3,3,3,3,3,2,2,3,2,3,3
LB048,8,1,2,2,2,3,3,3,3,3,3,3,2,2,3,3,3,3,3,3,3
LB048,9,1,2,3,3,2,3,3,2,2,3,2,2,3,3,3,2,2,3,3,2
LB048,10,1,2,3,3,4,4,3,3,4,4,3,3,3,3,3,3,2,3,3,2
LB048,11,1,2,1,2,2,2,2,2,3,3,3,3,3,3,3,3,2,2,3,4
LB048,12,1,2,2,3,2,3,2,2,3,3,3,2,2,3,3,3,3,2,3,3
LB048,13,1,2,3,3,2,3,2,3,2,2,3,2,3,4,3,3,4,4,4,3
LB048,14,1,2,3,2,3,3,2,2,3,4,3,3,2,3,3,3,3,2,3,4
LB048,15,1,2,2,2,2,2,3,3,3,4,3,3,2,3,3,3,4,4,3,3
LB048,16,1,2,3,3,3,3,2,3,3,2,3,3,2,3,2,3,3,3,2,2
LB048,17,1,2,3,3,2,3,2,3,3,4,3,4,3,3,2,3,3,3,4,3
LB048,18,1,2,3,3,4,3,3,3,3,3,3,3,3,3,3,3,3,3,3,3
LB051,1,1,2,2,2,1,2,3,2,2,2,2,1,1,2,1,2,2,3,2,2
LB051,2,1,2,2,1,2,2,1,2,2,2,2,1,1,2,2,3,2,1,2,3
LB051,3,1,2,2,2,2,2,2,2,2,3,2,1,2,2,2,2,2,1,2,2
LB051,4,1,2,2,3,2,2,2,3,2,2,2,3,2,3,2,1,2,2,3,3
LB051,5,1,2,2,2,2,3,3,2,2,2,1,2,2,2,2,3,2,2,2,3
LB051,6,1,2,2,3,2,1,2,1,2,2,2,2,3,2,2,1,2,3,2,1
LB051,7,1,2,3,3,2,1,2,2,3,2,1,2,3,2,2,3,2,3,2,2
LB051,8,1,2,3,2,2,3,2,2,2,2,3,3,2,3,2,2,1,2,2,2
LB051,9,1,2,3,2,3,2,2,2,1,2,1,2,2,3,2,2,3,2,1,2
LB051,10,1,2,2,2,2,1,2,2,2,3,3,2,2,2,2,1,2,3,2,3
LB051,11,1,2,2,2,2,3,3,2,1,2,2,3,3,2,3,2,2,2,3,2
LB051,12,1,2,3,2,3,2,2,2,2,3,3,3,3,3,4,3,2,3,3,2
LB051,13,1,2,3,2,3,3,3,2,3,3,2,3,2,3,3,2,1,2,3,3
LB051,14,1,2,3,2,2,2,3,2,2,2,3,2,2,1,2,2,2,2,2,1
LB051,15,1,2,2,3,3,2,2,3,3,2,2,2,2,3,3,3,3,3,2,2
LB051,16,1,2,3,2,2,2,1,1,2,2,3,2,2,2,2,2,3,2,3,2
LB051,17,1,2,2,3,2,2,2,2,2,2,2,2,2,2,2,1,2,2,2,2
LB051,18,1,2,2,2,2,3,3,3,4,5,5,5,4,4,5,6,6,6,5,4
LB052,1,1,2,1,2,2,2,1,1,2,1,2,1,2,1,2,1,2,2,1,1
LB052,2,1,2,2,1,2,1,2,2,2,1,2,2,2,2,3,2,1,1,2,1
LB052,3,1,1,2,1,2,1,1,2,2,2,1,1,2,1,1,1,1,2,1,2
LB052,4,1,1,2,1,2,1,1,2,2,2,1,1,2,1,1,1,1,2,1,2
LB052,5,1,1,2,2,1,2,2,1,1,1,1,1,1,2,2,3,2,3,2,1
LB052,6,1,2,2,1,1,2,1,1,1,2,1,2,2,1,2,2,2,2,3,2
LB052,7,1,2,2,1,2,1,1,1,1,2,2,2,1,1,2,2,2,2,3,2
LB052,8,1,2,1,2,1,1,1,1,1,1,2,2,2,2,1,1,1,1,1,1
LB052,9,1,1,2,1,2,3,2,1,1,1,2,2,2,2,2,1,2,2,1,1
LB052,10,1,2,1,2,2,2,1,1,1,2,2,2,2,2,2,2,2,2,2,1
LB052,11,1,2,1,2,2,2,2,2,2,2,2,2,2,2,2,1,1,1,1,1
LB052,12,1,2,2,2,3,2,2,2,2,1,2,2,1,1,1,1,2,1,1,1
LB052,13,1,2,1,1,2,1,2,2,2,1,1,2,1,1,2,1,1,1,2,1
LB052,14,1,1,1,1,1,1,2,2,2,2,2,1,1,2,2,2,2,1,1,2
LB052,15,1,1,1,1,2,1,1,1,2,2,2,2,2,2,1,1,2,2,3,3
LB052,16,1,2,2,2,2,2,3,3,2,1,1,2,3,2,2,2,2,2,2,2
LB052,17,1,1,2,2,2,3,3,2,2,2,2,2,1,2,2,2,3,2,2,2
LB052,18,1,1,2,2,2,2,2,1,1,2,2,2,2,1,2,2,2,3,2,1
LB054,1,1,1,2,3,2,1,2,2,2,3,2,2,1,2,2,2,1,2,3,2
LB054,2,1,2,2,2,2,2,2,2,3,2,2,3,2,3,2,2,2,2,2,3
LB054,3,1,2,3,2,3,2,3,2,3,2,2,2,2,2,3,3,2,1,2,3
LB054,4,1,2,2,2,3,2,3,2,2,3,2,2,2,2,3,2,2,2,3,2
LB054,5,1,2,2,2,3,2,3,3,2,2,3,3,2,3,3,2,3,2,3,2
LB054,6,1,1,2,2,3,2,3,2,2,3,2,2,2,3,2,3,2,3,2,2
LB054,7,1,2,3,2,2,3,2,3,2,3,2,2,3,2,3,2,2,2,3,2
LB054,8,1,2,3,2,3,2,3,2,3,2,3,3,3,2,3,2,3,2,3,3
LB054,9,1,2,3,2,3,3,2,3,2,3,3,3,2,3,4,3,3,2,3,3
LB054,10,1,2,2,3,3,3,2,3,2,3,2,3,2,2,3,2,2,3,2,2
LB054,11,1,2,3,2,3,3,3,3,2,3,3,3,2,2,3,2,2,3,2,3
LB054,12,1,2,3,2,3,3,3,3,3,2,3,3,3,2,3,3,3,2,2,3
LB054,13,1,2,3,3,4,3,3,3,3,2,2,3,2,3,2,3,3,2,3,2
LB054,14,1,2,3,2,3,3,2,3,2,3,2,3,2,3,2,2,3,3,3,2
LB054,15,1,2,3,3,2,3,3,2,2,3,3,3,3,2,3,3,3,2,3,2
LB054,16,1,2,3,2,3,2,3,2,3,2,3,3,2,2,3,3,3,2,2,3
LB054,17,1,2,3,3,3,2,3,3,2,3,3,3,3,2,3,2,3,2,3,2
LB054,18,1,2,3,3,3,3,3,3,3,3,3,3,2,3,2,3,3,3,3,3
LB056,1,1,2,2,3,3,2,2,3,2,2,2,2,1,2,2,2,3,2,2,3
LB056,2,1,2,3,4,3,2,3,3,4,4,3,4,3,3,2,3,4,4,4,3
LB056,3,1,1,2,3,3,4,3,4,4,4,3,4,3,3,4,3,4,3,4,4
LB056,4,1,2,3,2,3,4,3,3,3,3,3,4,3,3,3,3,3,2,2,1
LB056,5,1,2,3,4,4,3,3,3,4,4,4,3,3,2,3,3,3,2,2,2
LB056,6,1,2,3,4,4,4,5,5,4,4,4,3,4,4,4,4,4,3,4,4
LB056,7,1,2,3,3,4,4,4,3,4,4,3,3,4,4,4,4,4,4,4,3
LB056,8,1,2,3,3,4,5,5,4,5,4,4,4,5,4,3,4,4,3,3,4
LB056,9,1,2,3,4,4,4,4,4,3,3,3,3,3,3,3,4,4,4,3,4
LB056,10,1,2,3,3,4,3,4,4,3,4,4,4,3,3,4,3,3,4,4,3
LB056,11,1,2,3,4,4,3,3,4,4,5,4,4,4,4,4,3,4,3,4,4
LB056,12,1,2,3,4,5,5,5,4,5,4,4,5,5,5,4,4,4,4,3,3
LB056,13,1,2,3,4,5,4,4,4,4,4,4,4,4,4,4,3,4,5,4,4
LB056,14,1,2,3,4,5,6,5,4,4,4,5,4,4,4,4,4,4,4,4,4
LB056,15,1,2,3,3,4,4,4,3,4,3,4,4,4,3,3,3,3,3,4,4
LB056,16,1,2,3,4,4,3,4,3,3,3,3,4,4,4,3,2,3,3,3,4
LB056,17,1,2,3,4,4,4,4,4,3,3,4,4,4,4,3,2,2,3,4,4
LB056,18,1,2,3,4,3,4,4,3,4,5,5,4,3,3,4,5,5,6,5,4